Forum.id|Tag.id
94489280512|281
94489280512|1401
94489280512|2042
94489280512|2778
94489280512|5115
94489280512|7564
94489280512|9272
128849018881|9272
128849018882|2042
128849018883|7564
94489280516|1401
111669149702|5115
111669149704|281
120259084299|9272
120259084300|2778
17179869197|6
17179869197|418
17179869197|976
17179869197|1170
17179869197|1199
17179869197|1454
17179869197|1989
17179869197|2797
17179869197|2999
17179869197|6437
17179869197|7015
17179869197|9058
17179869197|9163
17179869197|11742
17179869197|12002
17179869198|243
17179869198|1548
17179869198|2928
17179869198|2951
17179869198|3020
17179869198|6938
128849018895|139
128849018895|142
128849018895|290
128849018895|468
128849018895|469
128849018895|573
128849018895|973
128849018895|1025
128849018895|1192
128849018895|1205
128849018895|1403
128849018895|1450
128849018895|1684
128849018895|1754
128849018895|1758
128849018895|1759
128849018895|1908
128849018895|2001
128849018895|2003
128849018895|2021
128849018895|2028
128849018895|2071
128849018895|2076
128849018895|2084
128849018895|2792
128849018895|2817
128849018895|2821
128849018895|2830
128849018895|2848
128849018895|2856
128849018895|2879
128849018895|2910
128849018895|2941
128849018895|2959
128849018895|2990
128849018895|3089
128849018895|3090
128849018895|3091
128849018895|3096
128849018895|5078
128849018895|5133
128849018895|5176
128849018895|5191
128849018895|5196
128849018895|5546
128849018895|6354
128849018895|6368
128849018895|6456
128849018895|6945
128849018895|6954
128849018895|7545
128849018895|7897
128849018895|9170
128849018895|9227
128849018895|9299
128849018895|10414
128849018895|10449
128849018895|11875
128849018895|13400
128849018895|14846
17179869200|138
17179869200|448
17179869200|545
17179869200|565
17179869200|567
17179869200|568
17179869200|575
17179869200|776
17179869200|777
17179869200|791
17179869200|796
17179869200|1153
17179869200|1170
17179869200|1171
17179869200|1176
17179869200|1183
17179869200|1207
17179869200|1403
17179869200|1444
17179869200|1452
17179869200|1504
17179869200|1667
17179869200|1669
17179869200|1680
17179869200|1771
17179869200|1985
17179869200|1986
17179869200|1987
17179869200|1993
17179869200|2000
17179869200|2028
17179869200|2040
17179869200|2044
17179869200|2050
17179869200|2073
17179869200|2075
17179869200|2077
17179869200|2782
17179869200|2788
17179869200|2811
17179869200|2824
17179869200|2831
17179869200|2832
17179869200|2839
17179869200|2847
17179869200|2848
17179869200|2872
17179869200|2905
17179869200|2959
17179869200|2965
17179869200|3047
17179869200|5078
17179869200|5191
17179869200|6368
17179869200|6385
17179869200|6456
17179869200|6978
17179869200|6987
17179869200|6993
17179869200|7519
17179869200|7520
17179869200|7572
17179869200|8769
17179869200|9095
17179869200|9150
17179869200|9163
17179869200|9170
17179869200|9188
17179869200|10028
17179869200|11379
17179869200|11408
17179869200|11644
17179869200|11695
17179869200|11745
17179869200|15443
85899345937|1403
68719476754|1986
60129542163|11379
77309411348|11695
51539607573|2824
103079215126|2872
120259084311|10028
77309411352|568
34359738394|791
103079215131|6993
25769803804|9170
68719476766|1452
85899345952|2965
103079215137|9188
60129542178|776
111669149731|2050
111669149732|1993
77309411365|1771
128849018918|567
77309411367|2040
42949673000|1153
51539607593|1183
103079215146|565
34359738411|6987
42949673004|545
103079215149|2782
77309411374|2050
103079215151|140
103079215151|143
103079215151|145
103079215151|288
103079215151|416
103079215151|522
103079215151|588
103079215151|777
103079215151|781
103079215151|1171
103079215151|1178
103079215151|1195
103079215151|1682
103079215151|1908
103079215151|1995
103079215151|2001
103079215151|2007
103079215151|2012
103079215151|2020
103079215151|2026
103079215151|2033
103079215151|2038
103079215151|2053
103079215151|2063
103079215151|2068
103079215151|2777
103079215151|2778
103079215151|2782
103079215151|2784
103079215151|2788
103079215151|2790
103079215151|2809
103079215151|2821
103079215151|2836
103079215151|2844
103079215151|2876
103079215151|2880
103079215151|2904
103079215151|2912
103079215151|2918
103079215151|2924
103079215151|2932
103079215151|2957
103079215151|3001
103079215151|3020
103079215151|3047
103079215151|3050
103079215151|3065
103079215151|3069
103079215151|3081
103079215151|3107
103079215151|5085
103079215151|6228
103079215151|6400
103079215151|6637
103079215151|6674
103079215151|7380
103079215151|7545
103079215151|7587
103079215151|8247
103079215151|8400
103079215151|9195
103079215151|9227
103079215151|9238
103079215151|9637
103079215151|9682
103079215151|12936
103079215151|13051
103079215151|14063
103079215151|14846
120259084336|2012
120259084338|3081
111669149747|2001
120259084341|2957
103079215158|2957
111669149752|522
120259084345|6674
120259084346|1195
25769803835|294
25769803835|1183
25769803835|1381
25769803835|2028
25769803835|2999
25769803835|3052
25769803835|3074
25769803835|7526
25769803835|10146
111669149756|2028
25769803837|10146
34359738430|2999
68719476799|1183
120259084352|10146
85899345985|3052
25769803842|1183
60129542211|3052
128849018948|7526
34359738437|2999
120259084358|2028
94489280583|10146
128849018952|10146
34359738441|2999
42949673034|7526
60129542219|10146
68719476812|1183
103079215181|10146
137438953550|1381
128849018959|2999
42949673040|1381
120259084369|2028
94489280595|294
128849018964|1183
85899346005|1183
68719476822|3052
60129542231|3074
94489280601|3074
42949673050|138
42949673050|578
42949673050|974
42949673050|1172
42949673050|1177
42949673050|1186
42949673050|1188
42949673050|1986
42949673050|2788
42949673050|2797
42949673050|5184
42949673050|5191
42949673050|5192
42949673050|6418
42949673050|9063
42949673050|9479
42949673050|11254
42949673050|11408
51539607643|5191
68719476828|1986
85899346013|5192
60129542238|9063
60129542239|1188
111669149792|138
60129542241|1188
120259084387|578
94489280612|11254
94489280614|1986
94489280615|1986
94489280616|1188
42949673065|5192
42949673066|2797
94489280619|974
120259084396|5192
137438953582|11408
60129542255|974
94489280624|6418
77309411441|5192
68719476850|2797
111669149811|4870
111669149811|7968
17179869300|565
17179869300|777
17179869300|783
17179869300|785
17179869300|796
17179869300|1178
17179869300|1418
17179869300|1546
17179869300|1669
17179869300|1674
17179869300|1984
17179869300|1987
17179869300|2019
17179869300|2102
17179869300|2109
17179869300|2115
17179869300|2778
17179869300|2792
17179869300|2864
17179869300|2872
17179869300|2886
17179869300|2948
17179869300|3022
17179869300|3060
17179869300|3068
17179869300|5012
17179869300|5193
17179869300|5848
17179869300|6360
17179869300|6413
17179869300|6456
17179869300|6952
17179869300|6976
17179869300|8264
17179869300|8313
17179869300|9058
17179869300|9163
17179869300|10222
17179869300|10749
17179869300|12539
17179869300|12901
17179869300|13821
17179869300|14387
17179869300|14779
25769803893|9163
34359738486|2872
68719476855|10222
34359738488|2102
94489280633|2872
42949673082|2019
111669149819|2109
25769803900|13821
34359738493|2864
111669149822|10749
128849019007|9163
34359738496|2115
111669149825|6413
85899346050|10749
120259084419|6456
128849019012|9163
42949673093|2872
111669149830|5848
68719476871|2948
42949673096|8264
120259084425|5193
128849019018|1984
103079215243|2102
103079215244|1546
77309411469|1669
120259084430|6456
85899346063|6976
111669149840|1546
128849019025|14387
77309411474|3068
103079215251|6
103079215251|138
103079215251|206
103079215251|569
103079215251|588
103079215251|590
103079215251|774
103079215251|781
103079215251|787
103079215251|801
103079215251|973
103079215251|1170
103079215251|1172
103079215251|1173
103079215251|1178
103079215251|1179
103079215251|1180
103079215251|1184
103079215251|1185
103079215251|1186
103079215251|1189
103079215251|1198
103079215251|1545
103079215251|1616
103079215251|1759
103079215251|1762
103079215251|1940
103079215251|1984
103079215251|1985
103079215251|1989
103079215251|1996
103079215251|2001
103079215251|2005
103079215251|2014
103079215251|2015
103079215251|2032
103079215251|2102
103079215251|2779
103079215251|2786
103079215251|2792
103079215251|2808
103079215251|2878
103079215251|5192
103079215251|6400
103079215251|6404
103079215251|6409
103079215251|6411
103079215251|6413
103079215251|6418
103079215251|6945
103079215251|6954
103079215251|7015
103079215251|7522
103079215251|9098
103079215251|9170
103079215251|9486
103079215251|10449
103079215251|11302
103079215251|11408
103079215251|11541
103079215251|11557
103079215251|11695
103079215251|11742
17179869332|288
17179869332|566
17179869332|572
17179869332|1199
17179869332|1759
17179869332|1984
17179869332|2017
17179869332|2062
17179869332|2076
17179869332|2088
17179869332|2097
17179869332|2782
17179869332|2811
17179869332|2866
17179869332|2888
17179869332|2907
17179869332|2916
17179869332|2917
17179869332|3074
17179869332|3076
17179869332|3091
17179869332|3103
17179869332|4843
17179869332|4848
17179869332|4961
17179869332|5183
17179869332|5478
17179869332|6369
17179869332|6409
17179869332|6412
17179869332|6940
17179869332|7509
17179869332|7522
120259084437|205
120259084437|468
120259084437|1192
120259084437|1417
120259084437|2116
120259084437|2780
120259084437|2927
120259084437|2963
120259084437|7564
25769803926|558
94489280663|800
94489280663|1021
94489280663|1023
94489280663|1595
94489280663|1671
94489280663|1985
94489280663|2031
94489280663|2043
94489280663|2777
94489280663|2782
94489280663|2914
94489280663|2941
94489280663|3039
94489280663|5742
94489280663|8900
94489280663|8969
77309411481|1735
77309411481|2787
77309411481|2804
77309411481|2835
94489280666|589
94489280666|778
94489280666|1173
94489280666|1176
94489280666|1614
94489280666|1616
94489280666|1763
94489280666|1773
94489280666|1998
94489280666|2020
94489280666|2073
94489280666|2103
94489280666|2106
94489280666|2779
94489280666|2782
94489280666|2788
94489280666|2805
94489280666|2807
94489280666|2825
94489280666|2827
94489280666|2837
94489280666|2851
94489280666|2852
94489280666|2888
94489280666|2895
94489280666|3066
94489280666|3099
94489280666|3114
94489280666|5118
94489280666|5152
94489280666|5174
94489280666|6063
94489280666|6362
94489280666|6374
94489280666|6383
94489280666|7012
94489280666|7015
94489280666|7061
94489280666|7330
94489280666|7523
94489280666|8522
94489280666|9058
94489280666|11377
94489280666|13289
60129542300|139
60129542300|461
60129542300|567
60129542300|976
60129542300|1031
60129542300|1173
60129542300|1190
60129542300|1410
60129542300|2038
60129542300|2091
60129542300|2850
60129542300|2889
60129542300|3030
60129542300|5380
60129542300|7598
68719476894|1190
111669149855|1031
128849019041|5380
68719476898|461
94489280675|2038
77309411493|976
120259084454|976
94489280679|1173
77309411496|1173
111669149865|2850
120259084459|1173
94489280684|5380
68719476909|2038
77309411502|139
77309411503|2889
128849019056|7598
85899346097|6
85899346097|569
85899346097|594
85899346097|1178
85899346097|1180
85899346097|1940
85899346097|1988
85899346097|1996
85899346097|2023
85899346097|2051
85899346097|5085
85899346097|6945
85899346097|6964
85899346097|9170
85899346097|11247
85899346097|11625
120259084466|1669
120259084466|4870
120259084467|1669
120259084470|4870
137438953655|4870
137438953656|1669
187|6
187|573
187|974
187|978
187|1760
187|5085
187|6413
187|7015
187|12002
25769803964|1940
25769803964|6413
60129542333|1940
85899346110|6413
94489280703|6413
103079215296|6413
77309411521|1940
68719476930|6413
85899346115|6413
51539607748|1940
77309411525|1940
85899346118|1940
103079215303|1940
94489280712|1940
60129542345|6413
68719476938|6413
42949673163|1940
94489280716|6413
94489280717|6413
77309411534|1940
60129542352|6413
68719476945|6413
51539607762|1940
60129542355|6413
25769803988|6413
42949673173|6413
34359738584|1940
85899346137|779
85899346137|785
85899346137|809
85899346137|1644
85899346137|1952
85899346137|2834
85899346137|2850
85899346137|2874
85899346137|6360
85899346137|6940
85899346137|7522
128849019098|779
94489280731|779
120259084508|6940
111669149917|6360
128849019102|7522
120259084511|809
94489280736|6360
94489280738|2850
128849019107|2850
128849019108|2874
94489280741|1952
120259084518|2850
85899346151|1952
77309411560|1498
77309411560|1614
77309411560|7509
85899346153|985
85899346153|9097
103079215338|985
94489280747|9097
103079215340|9097
120259084526|985
103079215343|985
128849019120|9097
85899346161|9097
120259084530|985
103079215347|9097
85899346164|9097
94489280757|985
128849019126|985
85899346167|9097
128849019128|9097
128849019129|985
25769804026|6
25769804026|142
25769804026|522
25769804026|568
25769804026|786
25769804026|798
25769804026|976
25769804026|1154
25769804026|1186
25769804026|1197
25769804026|1546
25769804026|1999
25769804026|2028
25769804026|2042
25769804026|2062
25769804026|2110
25769804026|2111
25769804026|2779
25769804026|2784
25769804026|2786
25769804026|2787
25769804026|2789
25769804026|2801
25769804026|2808
25769804026|2814
25769804026|2836
25769804026|2847
25769804026|2863
25769804026|2876
25769804026|2900
25769804026|2914
25769804026|2927
25769804026|2928
25769804026|2979
25769804026|3008
25769804026|3104
25769804026|3111
25769804026|5124
25769804026|5184
25769804026|5305
25769804026|5580
25769804026|6368
25769804026|6451
25769804026|6568
25769804026|6980
25769804026|7012
25769804026|7507
25769804026|7519
25769804026|7545
25769804026|7857
25769804026|9163
25769804026|9170
94489280767|6
94489280767|576
94489280767|774
94489280767|973
94489280767|976
94489280767|1178
94489280767|1179
94489280767|1194
94489280767|1195
94489280767|1205
94489280767|1547
94489280767|1984
94489280767|2067
94489280767|5174
94489280767|6945
94489280767|7015
94489280767|7516
94489280767|11254
94489280767|11695
111669149952|11695
128849019137|774
128849019139|1179
128849019140|976
103079215365|1205
120259084550|1178
120259084551|6
128849019145|1195
77309411596|6
77309411596|148
77309411596|205
77309411596|417
77309411596|418
77309411596|470
77309411596|545
77309411596|565
77309411596|566
77309411596|573
77309411596|578
77309411596|584
77309411596|588
77309411596|594
77309411596|775
77309411596|778
77309411596|781
77309411596|808
77309411596|973
77309411596|976
77309411596|978
77309411596|1164
77309411596|1170
77309411596|1172
77309411596|1173
77309411596|1174
77309411596|1176
77309411596|1178
77309411596|1179
77309411596|1180
77309411596|1185
77309411596|1187
77309411596|1206
77309411596|1207
77309411596|1454
77309411596|1547
77309411596|1615
77309411596|1617
77309411596|1669
77309411596|1679
77309411596|1762
77309411596|1765
77309411596|1863
77309411596|1909
77309411596|1910
77309411596|1940
77309411596|1989
77309411596|2001
77309411596|2045
77309411596|2067
77309411596|2068
77309411596|2070
77309411596|2075
77309411596|2086
77309411596|2789
77309411596|2801
77309411596|2870
77309411596|5085
77309411596|5118
77309411596|5191
77309411596|5192
77309411596|6409
77309411596|6413
77309411596|6418
77309411596|6945
77309411596|7005
77309411596|7015
77309411596|7380
77309411596|9058
77309411596|9098
77309411596|11247
77309411596|11250
77309411596|11254
77309411596|11379
77309411596|11557
77309411596|11628
77309411596|11644
77309411596|11742
77309411596|12002
103079215373|9098
85899346191|11557
85899346193|1863
94489280786|566
111669149973|7015
77309411606|9058
128849019160|1679
111669149977|418
128849019162|2068
94489280795|1910
17179869469|138
17179869469|206
17179869469|279
17179869469|416
17179869469|417
17179869469|418
17179869469|458
17179869469|575
17179869469|588
17179869469|590
17179869469|778
17179869469|782
17179869469|793
17179869469|806
17179869469|977
17179869469|1023
17179869469|1178
17179869469|1200
17179869469|1206
17179869469|1451
17179869469|1505
17179869469|1615
17179869469|1667
17179869469|1680
17179869469|1682
17179869469|1762
17179869469|1768
17179869469|1953
17179869469|1985
17179869469|1986
17179869469|1995
17179869469|2003
17179869469|2005
17179869469|2012
17179869469|2037
17179869469|2040
17179869469|2066
17179869469|2068
17179869469|2105
17179869469|2777
17179869469|2778
17179869469|2780
17179869469|2784
17179869469|2785
17179869469|2789
17179869469|2795
17179869469|2837
17179869469|2851
17179869469|2853
17179869469|2857
17179869469|2914
17179869469|2930
17179869469|2937
17179869469|2960
17179869469|2978
17179869469|2985
17179869469|3000
17179869469|3062
17179869469|4844
17179869469|5056
17179869469|5085
17179869469|5132
17179869469|5185
17179869469|6413
17179869469|6945
17179869469|6962
17179869469|7005
17179869469|7025
17179869469|7509
17179869469|7519
17179869469|7579
17179869469|9141
17179869469|9209
17179869469|9293
17179869469|9310
17179869469|9317
17179869469|11695
77309411614|9317
68719477023|2785
68719477024|9293
103079215393|2978
68719477026|2040
111669149987|2851
77309411620|2930
111669149989|1768
60129542438|1762
77309411623|206
42949673256|2785
68719477033|2960
120259084586|1023
94489280811|2853
77309411628|2066
77309411630|1451
17179869487|2795
68719477040|1985
34359738673|2851
68719477042|2005
51539607859|2105
77309411636|458
77309411638|2778
94489280823|6962
77309411641|782
128849019194|2857
34359738683|575
94489280828|2012
85899346237|205
85899346237|279
85899346237|293
85899346237|575
85899346237|595
85899346237|774
85899346237|791
85899346237|798
85899346237|865
85899346237|975
85899346237|1452
85899346237|1614
85899346237|1749
85899346237|1764
85899346237|1766
85899346237|1863
85899346237|1984
85899346237|1985
85899346237|1988
85899346237|1989
85899346237|1991
85899346237|1994
85899346237|1995
85899346237|2004
85899346237|2019
85899346237|2113
85899346237|2114
85899346237|2116
85899346237|2779
85899346237|2784
85899346237|2800
85899346237|2802
85899346237|2829
85899346237|2831
85899346237|2850
85899346237|2877
85899346237|2880
85899346237|2894
85899346237|2904
85899346237|2916
85899346237|2926
85899346237|2954
85899346237|2973
85899346237|2978
85899346237|3025
85899346237|3065
85899346237|3079
85899346237|3089
85899346237|3093
85899346237|3101
85899346237|5114
85899346237|5116
85899346237|5147
85899346237|5174
85899346237|5511
85899346237|5977
85899346237|6268
85899346237|6360
85899346237|6394
85899346237|7523
85899346237|7896
85899346237|9727
85899346237|10222
85899346237|10956
85899346237|12380
94489280830|1908
51539607871|6
51539607871|62
51539607871|288
51539607871|565
51539607871|788
51539607871|792
51539607871|1173
51539607871|1182
51539607871|1501
51539607871|1676
51539607871|1769
51539607871|1988
51539607871|1990
51539607871|1994
51539607871|2000
51539607871|2101
51539607871|2777
51539607871|2811
51539607871|2838
51539607871|2855
51539607871|2867
51539607871|2869
51539607871|2881
51539607871|5115
51539607871|5170
51539607871|6409
51539607871|7252
51539607871|9144
51539607871|9170
51539607871|9209
51539607871|9790
34359738688|6
34359738688|781
34359738688|1191
34359738688|2001
34359738688|2075
34359738688|5085
34359738688|6945
34359738688|9174
34359738688|11541
77309411649|587
77309411649|1166
77309411649|1451
77309411649|2097
77309411649|2787
77309411649|2872
77309411649|2916
77309411649|5161
77309411649|10037
51539607874|1185
51539607874|1430
51539607874|6940
51539607874|7904
120259084611|6940
103079215428|1185
103079215429|6940
68719477062|1430
137438953799|7904
85899346248|1430
77309411657|6940
120259084618|6940
60129542475|6940
111669150029|1185
60129542478|1185
128849019215|6940
103079215440|7904
94489280849|1185
103079215442|1185
103079215443|6940
60129542485|7904
103079215446|7904
128849019223|1430
60129542488|6940
68719477081|292
68719477081|293
68719477081|790
68719477081|974
68719477081|1022
68719477081|1175
68719477081|1682
68719477081|1952
68719477081|1970
68719477081|2017
68719477081|2041
68719477081|2047
68719477081|2084
68719477081|2792
68719477081|2793
68719477081|2804
68719477081|2833
68719477081|2834
68719477081|2879
68719477081|2888
68719477081|2948
68719477081|2966
68719477081|3028
68719477081|3040
68719477081|3047
68719477081|3095
68719477081|3097
68719477081|3101
68719477081|3111
68719477081|4878
68719477081|5063
68719477081|5085
68719477081|5176
68719477081|5303
68719477081|5478
68719477081|5762
68719477081|6438
68719477081|6550
68719477081|6931
68719477081|6940
68719477081|7012
68719477081|7354
68719477081|7600
68719477081|7602
68719477081|7750
68719477081|7846
68719477081|8976
68719477081|10817
68719477081|11258
68719477081|12002
77309411674|1682
103079215451|5303
94489280860|2966
85899346269|2084
103079215454|5063
77309411679|292
120259084640|2888
94489280866|5085
85899346275|5303
111669150052|1952
94489280869|6438
128849019238|7750
103079215463|2041
77309411688|5303
103079215465|5762
85899346282|7602
77309411691|7750
68719477100|140
68719477100|148
68719477100|206
68719477100|299
68719477100|416
68719477100|544
68719477100|565
68719477100|775
68719477100|776
68719477100|793
68719477100|804
68719477100|809
68719477100|1031
68719477100|1183
68719477100|1185
68719477100|1190
68719477100|1206
68719477100|1421
68719477100|1440
68719477100|1681
68719477100|1769
68719477100|1984
68719477100|1985
68719477100|1988
68719477100|1990
68719477100|1992
68719477100|1993
68719477100|2037
68719477100|2047
68719477100|2063
68719477100|2086
68719477100|2090
68719477100|2098
68719477100|2114
68719477100|2777
68719477100|2780
68719477100|2786
68719477100|2787
68719477100|2790
68719477100|2818
68719477100|2829
68719477100|2830
68719477100|2872
68719477100|2879
68719477100|2892
68719477100|2913
68719477100|2939
68719477100|2941
68719477100|2949
68719477100|2960
68719477100|2974
68719477100|3018
68719477100|3037
68719477100|3058
68719477100|5116
68719477100|5120
68719477100|5316
68719477100|5488
68719477100|5666
68719477100|6063
68719477100|6081
68719477100|6361
68719477100|6368
68719477100|6424
68719477100|6981
68719477100|7032
68719477100|7380
68719477100|7564
68719477100|7580
68719477100|7943
68719477100|9141
68719477100|9329
68719477100|9474
68719477100|9526
68719477100|10561
68719477100|11625
68719477100|13961
120259084653|1183
111669150062|2790
94489280879|2047
128849019248|5116
120259084657|2818
103079215474|6981
94489280883|6368
94489280884|2829
103079215478|1421
103079215479|775
111669150072|148
85899346297|9526
120259084666|6368
111669150075|7943
120259084668|206
128849019262|2787
42949673344|782
42949673344|1206
42949673344|1667
42949673344|2850
42949673344|4844
120259084673|2850
68719477122|1206
111669150083|1667
111669150085|782
111669150087|2850
68719477128|1206
60129542537|2850
51539607946|4844
60129542539|2850
103079215500|1206
111669150093|1667
68719477134|782
77309411727|782
94489280912|1667
60129542545|4844
128849019282|2850
51539607955|2850
137438953876|2850
103079215510|2850
103079215511|2850
111669150104|782
94489280921|1611
111669150106|1611
120259084699|1611
120259084701|1611
103079215518|1611
128849019297|1611
103079215522|1611
103079215523|1611
103079215525|1611
111669150118|1611
128849019303|1611
85899346344|6
85899346344|976
111669150121|976
128849019306|976
94489280940|6
103079215533|976
137438953902|6
103079215535|976
128849019313|976
85899346354|976
111669150131|976
120259084724|976
128849019317|976
94489280950|976
68719477175|287
68719477175|575
68719477175|577
68719477175|590
68719477175|775
68719477175|800
68719477175|806
68719477175|1154
68719477175|1532
68719477175|1669
68719477175|1671
68719477175|1684
68719477175|1747
68719477175|1909
68719477175|1911
68719477175|1930
68719477175|1985
68719477175|1990
68719477175|2003
68719477175|2015
68719477175|2050
68719477175|2063
68719477175|2070
68719477175|2082
68719477175|2814
68719477175|2838
68719477175|2873
68719477175|2913
68719477175|2939
68719477175|2956
68719477175|3061
68719477175|3094
68719477175|5132
68719477175|5486
68719477175|6409
68719477175|6962
68719477175|7587
68719477175|9058
68719477175|9097
68719477175|9238
68719477175|10738
68719477175|11376
120259084728|2015
120259084729|287
128849019322|2063
128849019323|6409
103079215550|3061
128849019327|5486
103079215552|2814
128849019329|1684
103079215554|10738
103079215556|2913
94489280966|2939
103079215559|2939
111669150153|2050
111669150154|2063
25769804235|287
25769804235|458
25769804235|561
25769804235|566
25769804235|583
25769804235|782
25769804235|790
25769804235|808
25769804235|1022
25769804235|1189
25769804235|1205
25769804235|1399
25769804235|1532
25769804235|1683
25769804235|1764
25769804235|1766
25769804235|1953
25769804235|1987
25769804235|1993
25769804235|1999
25769804235|2003
25769804235|2778
25769804235|2793
25769804235|2795
25769804235|2807
25769804235|2836
25769804235|2851
25769804235|2857
25769804235|2886
25769804235|2900
25769804235|2902
25769804235|2911
25769804235|2918
25769804235|2932
25769804235|2933
25769804235|2939
25769804235|2940
25769804235|2950
25769804235|2997
25769804235|3004
25769804235|3099
25769804235|5445
25769804235|5676
25769804235|5711
25769804235|5989
25769804235|6704
25769804235|6993
25769804235|7508
25769804235|7509
25769804235|7572
25769804235|7598
25769804235|7638
25769804235|8893
25769804235|9486
25769804235|9781
25769804235|11366
25769804235|11537
25769804235|14846
25769804235|15137
34359738828|1644
103079215566|1644
111669150159|1644
128849019344|1644
42949673425|1644
111669150163|1644
51539608020|1644
111669150165|1644
120259084758|1644
103079215575|1644
111669150168|1644
128849019353|1644
77309411802|1644
77309411803|1644
111669150172|1644
68719477213|1644
85899346398|1644
128849019359|1644
68719477216|1644
94489280993|1644
68719477218|1644
42949673443|1644
51539608037|1644
94489280998|1644
103079215591|558
103079215591|1667
103079215591|2795
25769804264|1507
25769804264|2786
25769804264|3015
94489281005|1152
17179869678|279
17179869678|1930
17179869678|1991
17179869678|2010
17179869678|2022
17179869678|2100
17179869678|6151
17179869678|8417
51539608047|6
51539608047|9
51539608047|148
51539608047|575
51539608047|1173
51539608047|1174
51539608047|1176
51539608047|1180
51539608047|1187
51539608047|1760
51539608047|1940
51539608047|2012
51539608047|2028
51539608047|2073
51539608047|2082
51539608047|2098
51539608047|2926
51539608047|5085
51539608047|6365
51539608047|6945
51539608047|6987
51539608047|9098
51539608047|10449
51539608047|11254
51539608047|11258
51539608047|11408
51539608047|11628
51539608047|11742
25769804272|60
25769804272|62
25769804272|196
25769804272|472
25769804272|589
25769804272|595
25769804272|803
25769804272|812
25769804272|1031
25769804272|1684
25769804272|1764
25769804272|1770
25769804272|1864
25769804272|1908
25769804272|1954
25769804272|2913
25769804272|2989
25769804272|3001
25769804272|3009
25769804272|3049
25769804272|3074
25769804272|3108
25769804272|6375
25769804272|6383
25769804272|6971
25769804272|7534
25769804272|9138
25769804272|11875
25769804272|12273
25769804272|12296
25769804272|13818
25769804272|14846
60129542641|6
60129542641|1988
60129542641|2045
60129542641|2073
60129542641|5191
60129542641|6413
60129542641|11622
120259084786|2073
103079215603|2073
128849019380|6413
68719477237|6
128849019382|2073
111669150199|6413
94489281016|2073
103079215609|11622
128849019386|6413
68719477243|6413
128849019388|2045
68719477245|6413
128849019390|6
85899346431|2073
94489281024|2073
94489281025|1988
103079215618|6413
85899346435|6413
68719477252|2045
103079215621|2073
77309411846|8
77309411846|138
77309411846|139
77309411846|141
77309411846|190
77309411846|779
77309411846|803
77309411846|1176
77309411846|1206
77309411846|1547
77309411846|1644
77309411846|1675
77309411846|1940
77309411846|2006
77309411846|2017
77309411846|2026
77309411846|2073
77309411846|2076
77309411846|2105
77309411846|2780
77309411846|2789
77309411846|2820
77309411846|2837
77309411846|2846
77309411846|2859
77309411846|2870
77309411846|2879
77309411846|2930
77309411846|2978
77309411846|2981
77309411846|3006
77309411846|3019
77309411846|3031
77309411846|3049
77309411846|3054
77309411846|3072
77309411846|5091
77309411846|5119
77309411846|5141
77309411846|5190
77309411846|5287
77309411846|5580
77309411846|6229
77309411846|6363
77309411846|6368
77309411846|6451
77309411846|6981
77309411846|7005
77309411846|7572
77309411846|7609
77309411846|7709
77309411846|7843
77309411846|8742
77309411846|9036
77309411846|9150
77309411846|9277
77309411846|9293
77309411846|9474
77309411846|11375
77309411846|11531
77309411846|12296
60129542665|146
60129542665|196
60129542665|524
60129542665|532
60129542665|2779
60129542665|2848
60129542665|2872
60129542665|5332
60129542665|6832
60129542665|7126
60129542665|7534
60129542665|8625
60129542665|9097
60129542665|11897
60129542665|15319
111669150218|146
103079215627|7534
85899346444|9097
111669150222|532
120259084815|532
103079215634|2779
68719477267|6832
68719477270|532
85899346455|196
94489281048|146
120259084825|9097
120259084826|146
94489281051|7534
111669150236|532
128849019421|196
8589935134|6
8589935134|139
8589935134|205
8589935134|575
8589935134|790
8589935134|973
8589935134|974
8589935134|1180
8589935134|1206
8589935134|1548
8589935134|1984
8589935134|1995
8589935134|2023
8589935134|2078
8589935134|2837
8589935134|2885
8589935134|2934
8589935134|3093
8589935134|5191
8589935134|6413
8589935134|6418
8589935134|6945
8589935134|9174
8589935134|11582
8589935134|11633
8589935134|11742
8589935134|11745
120259084831|6
128849019428|6
103079215655|6
103079215655|139
103079215655|142
103079215655|144
103079215655|145
103079215655|149
103079215655|205
103079215655|206
103079215655|565
103079215655|566
103079215655|570
103079215655|571
103079215655|597
103079215655|775
103079215655|788
103079215655|795
103079215655|1164
103079215655|1192
103079215655|1197
103079215655|1450
103079215655|1454
103079215655|1759
103079215655|1760
103079215655|1765
103079215655|1767
103079215655|1769
103079215655|1771
103079215655|1985
103079215655|1992
103079215655|1998
103079215655|2044
103079215655|2883
103079215655|6368
103079215655|7380
103079215655|7564
103079215655|9097
103079215655|9161
103079215655|9163
103079215655|11633
103079215655|11687
128849019433|775
111669150251|1760
111669150253|9163
120259084846|788
111669150256|570
85899346483|6
94489281076|144
94489281076|282
94489281076|544
94489281076|565
94489281076|569
94489281076|576
94489281076|796
94489281076|1181
94489281076|1191
94489281076|1621
94489281076|1984
94489281076|1993
94489281076|2026
94489281076|2040
94489281076|2058
94489281076|2086
94489281076|2089
94489281076|2090
94489281076|2115
94489281076|2117
94489281076|2778
94489281076|2785
94489281076|2786
94489281076|2791
94489281076|2819
94489281076|2824
94489281076|2828
94489281076|2835
94489281076|2855
94489281076|2864
94489281076|2941
94489281076|2958
94489281076|3012
94489281076|3030
94489281076|4986
94489281076|4996
94489281076|5132
94489281076|5158
94489281076|5176
94489281076|5846
94489281076|5854
94489281076|6971
94489281076|7507
94489281076|7582
94489281076|7585
94489281076|7598
94489281076|8346
94489281076|10449
94489281076|10781
94489281076|12790
94489281076|13488
128849019445|416
128849019447|416
137438954040|416
42949673530|34
128849019451|34
103079215676|34
85899346493|34
94489281086|34
94489281087|34
68719477312|34
111669150274|34
68719477315|34
77309411908|34
68719477317|34
85899346502|34
94489281096|34
85899346505|34
120259084875|34
111669150284|34
94489281101|34
77309411918|34
77309411920|34
68719477329|34
103079215698|34
103079215699|441
103079215699|2800
103079215699|2926
103079215699|3069
103079215699|8295
60129542740|285
60129542740|544
60129542740|593
60129542740|1149
60129542740|1986
60129542740|1992
60129542740|2028
60129542740|2103
60129542740|2777
60129542740|2802
60129542740|2854
60129542740|2971
60129542740|3057
60129542740|5129
60129542740|5162
60129542740|5193
60129542740|6358
60129542740|8465
60129542740|9277
60129542740|9299
60129542740|9474
60129542740|11522
60129542740|12863
60129542742|1448
60129542742|1995
60129542743|1448
103079215704|1995
111669150297|1995
137438954074|1448
111669150299|1448
85899346524|1448
68719477341|1995
68719477342|1448
103079215711|1995
85899346528|1448
85899346529|1448
77309411938|1448
128849019491|1448
94489281124|1448
77309411942|1448
111669150311|1995
68719477352|1448
128849019497|1995
77309411946|1995
51539608171|471
51539608171|596
51539608171|801
51539608171|1028
51539608171|1682
51539608171|1987
51539608171|1994
51539608171|1995
51539608171|1999
51539608171|2008
51539608171|2017
51539608171|2025
51539608171|2038
51539608171|2114
51539608171|2797
51539608171|2825
51539608171|2841
51539608171|2883
51539608171|2922
51539608171|2928
51539608171|2930
51539608171|2936
51539608171|2939
51539608171|2954
51539608171|2973
51539608171|3002
51539608171|3003
51539608171|3010
51539608171|3043
51539608171|3045
51539608171|3084
51539608171|4870
51539608171|5255
51539608171|5755
51539608171|5944
51539608171|6383
51539608171|6675
51539608171|6991
51539608171|7524
51539608171|7545
51539608171|8322
51539608171|9141
51539608171|9486
51539608171|11008
51539608171|11531
51539608171|12463
77309411948|3043
111669150317|2114
60129542766|2025
94489281135|2017
77309411953|2825
103079215730|596
120259084915|7524
60129542772|2939
128849019509|2883
94489281142|1987
120259084920|6675
128849019513|2939
85899346554|2954
77309411963|1028
77309411964|2017
85899346557|2883
128849019518|1987
85899346559|2025
60129542784|4870
60129542785|1995
85899346562|801
51539608195|1857
644|6
644|973
644|6413
25769804421|6
128849019526|6413
60129542791|973
128849019528|973
120259084937|973
34359739018|6413
128849019531|6
85899346572|6
8589935245|973
60129542798|973
77309411983|6413
25769804432|6
60129542802|6
77309411987|6
77309411988|973
661|6413
25769804438|973
8589935255|973
51539608216|6
111669150361|6
120259084954|6
25769804443|6
68719477404|6413
60129542813|973
103079215774|6
128849019551|6
8589935264|973
85899346593|6
25769804450|6
68719477412|6
103079215781|973
8589935270|973
17179869863|973
34359739048|6413
94489281193|6
94489281193|448
94489281193|1676
94489281193|1909
94489281193|2779
94489281193|6964
94489281193|11625
137438954154|141
137438954154|157
137438954154|286
137438954154|418
137438954154|596
137438954154|777
137438954154|973
137438954154|1179
137438954154|1674
137438954154|1759
137438954154|1952
137438954154|1984
137438954154|1988
137438954154|2015
137438954154|2023
137438954154|2086
137438954154|2783
137438954154|2815
137438954154|2883
137438954154|2901
137438954154|2918
137438954154|2990
137438954154|3008
137438954154|3022
137438954154|3025
137438954154|3114
137438954154|5189
137438954154|5357
137438954154|6368
137438954154|6405
137438954154|6461
137438954154|6940
137438954154|9477
137438954154|10222
137438954154|10459
686|198
686|286
686|568
686|575
686|1032
686|1184
686|1668
686|1930
686|1954
686|1993
686|2038
686|2076
686|2078
686|2777
686|2781
686|2798
686|2806
686|2807
686|2834
686|2904
686|2968
686|2981
686|2987
686|3016
686|3047
686|3049
686|3050
686|3108
686|4844
686|5132
686|5153
686|5911
686|6385
686|6588
686|7031
686|7405
686|7521
686|7835
686|8592
686|8845
686|8973
686|9317
686|9333
686|9474
686|11250
686|11376
60129542831|5911
128849019568|11376
128849019569|2807
51539608242|8592
8589935283|3016
68719477428|7405
94489281205|4844
34359739062|575
111669150391|3047
128849019576|3050
120259084986|2981
111669150395|2904
120259084988|1930
77309412029|2904
68719477438|7405
128849019583|11250
17179869888|1184
42949673665|2038
120259084994|4844
60129542851|2987
94489281220|5132
25769804485|5153
120259084998|2904
34359739079|8845
103079215816|2806
120259085001|2807
34359739082|2038
25769804491|2781
716|8845
42949673677|5153
120259085007|2981
111669150416|3016
111669150417|141
111669150417|1178
111669150417|1199
111669150417|1749
111669150417|1985
111669150417|2002
111669150417|2017
111669150417|2031
111669150417|2036
111669150417|2068
111669150417|2071
111669150417|2110
111669150417|2120
111669150417|2799
111669150417|2869
111669150417|3047
111669150417|4848
111669150417|6982
111669150417|7380
111669150417|7536
111669150417|11265
111669150417|11376
111669150418|139
111669150418|193
111669150418|566
111669150418|1178
111669150418|1179
111669150418|1670
111669150418|1749
111669150418|1987
111669150418|1991
111669150418|1996
111669150418|2018
111669150418|2032
111669150418|2052
111669150418|2076
111669150418|2778
111669150418|2782
111669150418|2833
111669150418|2841
111669150418|2853
111669150418|2855
111669150418|2860
111669150418|2862
111669150418|2865
111669150418|2931
111669150418|2941
111669150418|2953
111669150418|2960
111669150418|3020
111669150418|3085
111669150418|3097
111669150418|3101
111669150418|4959
111669150418|5187
111669150418|5190
111669150418|6368
111669150418|6413
111669150418|7017
111669150418|8251
111669150418|8535
111669150418|9174
111669150418|11201
111669150418|11622
111669150418|11628
111669150418|14777
60129542867|1611
60129542868|1611
60129542870|1611
85899346647|1611
128849019608|1611
120259085017|1611
111669150426|1611
68719477467|1611
137438954204|1611
94489281245|1611
68719477470|1611
85899346655|1611
77309412064|1611
85899346657|1611
77309412066|1611
103079215843|1611
120259085028|1611
68719477478|1611
103079215847|1611
120259085032|1611
17179869929|1930
77309412074|570
77309412074|777
77309412074|978
77309412074|1415
77309412074|2781
77309412074|2783
77309412074|2793
77309412074|2803
77309412074|2817
77309412074|2905
77309412074|2925
77309412074|2936
77309412074|2943
77309412074|3089
77309412074|6938
77309412074|7014
77309412074|9058
77309412074|9500
77309412074|13815
77309412074|14721
42949673707|1527
42949673707|1615
42949673707|1952
42949673707|1987
42949673707|2059
42949673707|2789
42949673707|2851
42949673707|2852
42949673707|2948
42949673707|5117
42949673707|5652
42949673707|7614
42949673707|14494
51539608303|2948
68719477488|2948
120259085041|2059
120259085042|1952
85899346675|7614
111669150452|2851
120259085045|2852
103079215862|1527
77309412087|5652
120259085048|2789
111669150457|1615
85899346684|5652
120259085053|1952
111669150462|1987
42949673727|1987
120259085056|7614
77309412097|1952
85899346691|2059
51539608324|7614
68719477509|1616
68719477509|1749
128849019654|1749
77309412103|1616
77309412104|1749
111669150473|1749
85899346699|1616
103079215884|1749
85899346701|1616
111669150478|1616
103079215887|1749
120259085072|1749
128849019665|1616
77309412114|1616
103079215891|1616
103079215894|1616
128849019672|581
128849019672|812
128849019672|1164
128849019672|1174
128849019672|1184
128849019672|1667
128849019672|1669
128849019672|1958
128849019672|1990
128849019672|2042
128849019672|2055
128849019672|2063
128849019672|2091
128849019672|2106
128849019672|2796
128849019672|2804
128849019672|2807
128849019672|2821
128849019672|2838
128849019672|2857
128849019672|2927
128849019672|2962
128849019672|2969
128849019672|2985
128849019672|2997
128849019672|3010
128849019672|3054
128849019672|3114
128849019672|6405
128849019672|6429
128849019672|6726
128849019672|6882
128849019672|6940
128849019672|6976
128849019672|6987
128849019672|7031
128849019672|7354
128849019672|8577
128849019672|8617
128849019672|10290
128849019672|10449
128849019672|11875
128849019672|11928
128849019672|14308
128849019672|14806
128849019673|14806
128849019675|7031
68719477533|283
68719477533|796
68719477533|1031
68719477533|1411
68719477533|1954
68719477533|1984
68719477533|1988
68719477533|2043
68719477533|2045
68719477533|2061
68719477533|2792
68719477533|2879
68719477533|2886
68719477533|2951
68719477533|3093
68719477533|5161
68719477533|5170
68719477533|5591
68719477533|6968
68719477533|7257
68719477533|7510
68719477533|9272
68719477533|9277
68719477533|11628
68719477534|2886
103079215903|2792
128849019680|3093
94489281313|2043
120259085090|3093
128849019683|1954
85899346724|3093
77309412133|2951
111669150502|5161
103079215911|7510
77309412137|1988
68719477546|2879
128849019691|283
128849019692|11628
77309412141|1954
103079215918|5170
111669150512|5161
8589935409|1498
34359739186|1498
94489281331|1498
128849019700|1498
42949673782|1498
111669150519|1498
77309412152|1498
85899346745|1498
120259085114|1498
25769804603|1498
77309412156|1498
77309412157|1498
60129542974|1498
103079215935|1498
103079215936|1498
103079215937|1498
77309412162|1498
51539608387|1498
120259085124|1498
68719477573|1498
94489281350|1498
51539608391|1498
111669150536|1498
111669150537|1498
34359739210|1498
103079215947|1498
34359739212|1498
85899346765|1498
25769804622|1498
34359739215|1498
120259085136|1498
85899346769|1498
8589935442|138
8589935442|139
8589935442|294
8589935442|544
8589935442|561
8589935442|565
8589935442|570
8589935442|576
8589935442|580
8589935442|592
8589935442|775
8589935442|794
8589935442|807
8589935442|1032
8589935442|1175
8589935442|1200
8589935442|1410
8589935442|1450
8589935442|1454
8589935442|1533
8589935442|1759
8589935442|1985
8589935442|2091
8589935442|2777
8589935442|2778
8589935442|2780
8589935442|2789
8589935442|2821
8589935442|2849
8589935442|2880
8589935442|2926
8589935442|2937
8589935442|3085
8589935442|5062
8589935442|5119
8589935442|5184
8589935442|6376
8589935442|6413
8589935442|6889
8589935442|6962
8589935442|8310
8589935442|9036
8589935442|9144
8589935442|9170
8589935442|9195
8589935442|9350
8589935442|10037
8589935442|10822
51539608403|193
51539608403|561
51539608403|596
51539608403|1024
51539608403|1506
51539608403|1759
51539608403|1863
51539608403|1985
51539608403|1995
51539608403|2009
51539608403|2037
51539608403|2819
51539608403|2837
51539608403|2904
51539608403|2925
51539608403|2936
51539608403|5063
51539608403|5078
51539608403|5153
51539608403|6931
51539608403|7014
51539608403|7122
51539608403|7602
51539608403|8953
51539608403|9238
51539608403|9272
51539608403|12498
120259085140|138
120259085140|416
120259085140|806
120259085140|1422
120259085140|1450
120259085140|1953
120259085140|1998
120259085140|2000
120259085140|2025
120259085140|2042
120259085140|2831
120259085140|2844
120259085140|2891
120259085140|2989
120259085140|3047
120259085140|5132
120259085140|5163
120259085140|6513
120259085140|7002
120259085140|7523
120259085140|9150
120259085140|9188
120259085140|9874
120259085140|9996
120259085140|12809
120259085140|13828
120259085140|13905
128849019733|6
128849019733|566
128849019733|588
128849019733|594
128849019733|790
128849019733|1185
128849019733|1909
128849019733|2031
128849019733|11379
25769804630|139
25769804630|149
25769804630|205
25769804630|288
25769804630|291
25769804630|294
25769804630|573
25769804630|589
25769804630|787
25769804630|812
25769804630|1179
25769804630|1194
25769804630|1196
25769804630|1532
25769804630|1615
25769804630|1644
25769804630|1669
25769804630|1671
25769804630|1932
25769804630|1997
25769804630|2004
25769804630|2009
25769804630|2011
25769804630|2040
25769804630|2054
25769804630|2089
25769804630|2121
25769804630|2794
25769804630|2798
25769804630|2809
25769804630|2812
25769804630|2817
25769804630|2837
25769804630|2871
25769804630|2907
25769804630|2944
25769804630|2952
25769804630|3004
25769804630|3019
25769804630|3070
25769804630|3084
25769804630|3088
25769804630|3089
25769804630|3108
25769804630|5063
25769804630|5125
25769804630|5158
25769804630|5176
25769804630|5535
25769804630|5594
25769804630|5753
25769804630|6161
25769804630|6195
25769804630|6361
25769804630|6394
25769804630|6397
25769804630|6405
25769804630|6413
25769804630|6429
25769804630|6674
25769804630|6945
25769804630|7031
25769804630|7035
25769804630|7242
25769804630|7516
25769804630|7536
25769804630|7564
25769804630|8760
25769804630|9058
25769804630|9227
25769804630|10222
25769804630|11557
25769804630|13967
25769804630|14789
42949673815|294
25769804633|6429
120259085146|1997
34359739227|3070
25769804636|812
128849019741|3084
42949673822|2040
94489281375|3089
111669150560|7564
25769804641|6397
77309412194|1196
34359739235|5176
111669150564|2121
128849019749|2871
128849019750|2121
128849019751|149
25769804648|6945
111669150569|9227
103079215978|6945
68719477612|7031
111669150573|7536
34359739247|6394
120259085168|10222
34359739249|9058
68719477618|3004
68719477619|3089
128849019764|1669
77309412213|1557
77309412214|410
85899346807|410
94489281401|410
111669150586|410
120259085179|410
103079215996|410
120259085181|410
77309412222|410
94489281407|410
94489281408|410
103079216001|410
103079216003|410
94489281412|410
103079216005|410
128849019782|410
60129543048|145
60129543048|1732
60129543048|1986
60129543048|2003
60129543048|2008
60129543048|2048
60129543048|2067
60129543048|2099
60129543048|2777
60129543048|2803
60129543048|2806
60129543048|2853
60129543048|2909
60129543048|2962
60129543048|2995
60129543048|7517
60129543048|9244
128849019785|418
128849019785|973
128849019785|1403
128849019785|1985
128849019785|1994
128849019785|2011
128849019785|2777
128849019785|2844
128849019785|3047
128849019785|9261
25769804685|6
25769804685|149
25769804685|291
25769804685|569
25769804685|573
25769804685|575
25769804685|775
25769804685|781
25769804685|782
25769804685|973
25769804685|974
25769804685|978
25769804685|1022
25769804685|1177
25769804685|1179
25769804685|1180
25769804685|1188
25769804685|1191
25769804685|1454
25769804685|1667
25769804685|1940
25769804685|1984
25769804685|2012
25769804685|2031
25769804685|2068
25769804685|2785
25769804685|6945
25769804685|7015
25769804685|7033
25769804685|9036
25769804685|9058
25769804685|9177
25769804685|9486
25769804685|11247
25769804685|11375
25769804685|11408
25769804685|11695
25769804685|11742
85899346830|9036
34359739279|573
68719477648|6945
77309412241|1179
42949673874|9486
68719477651|569
51539608468|1179
42949673877|149
60129543062|11375
51539608471|2012
42949673880|1940
94489281433|11695
120259085210|2031
42949673883|7033
111669150620|575
111669150621|569
85899346846|973
85899346848|782
85899346849|7015
128849019810|782
60129543075|573
77309412260|1188
51539608485|2012
128849019815|569
94489281449|2012
