Forum.id|Person.id|joinDate
17179869197|9895604649984|2011-09-15T05:28:33.616+0000
17179869197|8796093022217|2011-07-26T04:00:02.456+0000
17179869197|15393162788888|2012-07-11T04:36:42.044+0000
17179869197|9895604650020|2011-10-18T05:30:38.405+0000
17179869197|16492674416689|2012-09-11T04:07:25.731+0000
17179869197|2199023255611|2010-08-13T08:04:06.941+0000
17179869197|7696581394520|2011-06-06T22:37:22.585+0000
17179869197|10995116277851|2011-12-15T14:26:09.775+0000
17179869197|94|2010-08-01T07:36:09.871+0000
17179869200|10995116277764|2011-11-14T20:10:29.153+0000
17179869200|13194139533352|2012-02-25T20:20:43.673+0000
17179869200|7696581394474|2011-05-26T12:02:44.855+0000
17179869200|10995116277826|2011-10-25T19:23:47.053+0000
17179869200|2199023255625|2010-08-13T08:04:06.941+0000
17179869200|2199023255633|2010-08-09T01:39:54.127+0000
17179869200|9895604650074|2011-10-05T10:55:16.833+0000
17179869200|10995116277851|2012-01-02T03:28:38.185+0000
17179869200|10995116277857|2011-11-26T13:55:09.429+0000
85899345937|10995116277764|2012-06-30T03:25:12.135+0000
85899345937|13194139533352|2012-03-02T13:58:46.699+0000
85899345937|7696581394474|2011-12-06T19:13:40.560+0000
85899345937|10995116277826|2012-02-19T12:04:29.213+0000
85899345937|10995116277851|2012-07-10T04:59:17.823+0000
85899345937|10995116277857|2012-04-14T00:40:19.540+0000
68719476754|10995116277764|2012-09-06T22:17:36.283+0000
68719476754|13194139533352|2012-08-04T23:16:34.199+0000
68719476754|7696581394474|2011-11-19T01:16:07.042+0000
68719476754|2199023255625|2012-06-01T17:26:40.199+0000
68719476754|2199023255633|2011-10-08T05:28:53.191+0000
68719476754|9895604650074|2012-01-02T00:20:42.790+0000
68719476754|10995116277851|2012-06-21T05:28:55.810+0000
60129542163|10995116277764|2012-02-04T09:43:50.640+0000
60129542163|13194139533352|2012-07-03T09:25:18.050+0000
60129542163|10995116277826|2012-01-24T23:50:18.454+0000
60129542163|2199023255625|2012-01-04T19:31:27.118+0000
60129542163|9895604650074|2012-06-26T14:01:22.950+0000
60129542163|10995116277857|2012-04-23T23:45:39.653+0000
77309411348|10995116277764|2012-01-22T18:12:44.429+0000
77309411348|13194139533352|2012-06-29T13:23:42.039+0000
77309411348|10995116277826|2012-04-30T03:12:52.065+0000
77309411348|2199023255625|2012-05-22T06:52:46.436+0000
77309411348|9895604650074|2012-01-13T04:26:30.116+0000
77309411348|10995116277857|2012-03-22T22:39:17.521+0000
51539607573|13194139533352|2012-03-29T17:09:30.514+0000
51539607573|7696581394474|2012-04-04T02:26:57.175+0000
51539607573|2199023255633|2011-04-11T15:39:00.112+0000
103079215126|13194139533352|2012-10-02T12:14:00.276+0000
103079215126|10995116277826|2012-08-17T00:52:37.118+0000
103079215126|2199023255633|2012-09-07T15:33:04.470+0000
120259084311|7696581394474|2012-10-04T01:31:09.807+0000
120259084311|2199023255633|2012-09-30T12:41:59.388+0000
77309411352|7696581394474|2011-11-28T05:36:04.469+0000
77309411352|10995116277826|2012-06-20T10:27:27.255+0000
77309411352|2199023255633|2012-05-20T22:21:19.089+0000
77309411352|9895604650074|2012-09-21T13:10:32.829+0000
77309411352|10995116277851|2012-04-04T04:37:58.539+0000
77309411352|10995116277857|2012-01-26T18:40:30.043+0000
34359738394|10995116277764|2011-11-22T05:10:20.016+0000
34359738394|13194139533352|2012-10-12T08:10:52.499+0000
34359738394|7696581394474|2011-08-08T08:30:25.473+0000
34359738394|2199023255625|2012-01-10T07:22:08.693+0000
34359738394|2199023255633|2011-10-25T02:23:00.499+0000
34359738394|10995116277857|2012-04-09T18:10:09.799+0000
103079215131|10995116277826|2012-10-03T12:32:36.781+0000
103079215131|10995116277851|2012-07-24T13:02:54.040+0000
25769803804|10995116277764|2012-08-28T08:36:28.653+0000
25769803804|7696581394474|2011-10-09T09:29:04.271+0000
25769803804|10995116277826|2012-08-22T17:19:55.326+0000
25769803804|2199023255625|2012-05-27T23:14:02.381+0000
25769803804|2199023255633|2012-02-18T23:08:39.108+0000
25769803804|9895604650074|2011-12-12T09:44:46.313+0000
68719476766|10995116277764|2012-09-03T09:32:19.313+0000
68719476766|10995116277826|2012-06-21T13:07:50.985+0000
68719476766|2199023255633|2011-11-27T21:27:13.790+0000
68719476766|10995116277851|2012-05-21T21:04:48.025+0000
68719476766|10995116277857|2012-08-09T10:38:44.867+0000
85899345952|10995116277764|2011-11-15T22:14:23.762+0000
85899345952|7696581394474|2012-05-23T15:32:48.773+0000
85899345952|2199023255625|2012-06-21T03:22:50.813+0000
85899345952|2199023255633|2012-09-05T15:21:44.422+0000
85899345952|9895604650074|2012-09-30T14:22:42.009+0000
85899345952|10995116277857|2012-03-12T22:02:23.522+0000
103079215137|10995116277764|2012-06-24T09:33:31.678+0000
103079215137|13194139533352|2012-05-28T08:48:20.583+0000
103079215137|2199023255625|2012-08-15T21:17:32.228+0000
103079215137|2199023255633|2012-04-25T20:10:05.317+0000
103079215137|9895604650074|2012-05-04T07:43:58.740+0000
103079215137|10995116277851|2012-07-06T08:01:43.255+0000
60129542178|10995116277764|2012-03-20T15:48:25.140+0000
60129542178|7696581394474|2012-05-07T21:47:35.962+0000
60129542178|10995116277826|2012-03-29T10:05:27.694+0000
60129542178|2199023255625|2012-09-11T03:12:50.935+0000
60129542178|10995116277851|2012-03-07T04:08:21.361+0000
111669149731|7696581394474|2012-09-09T11:14:37.927+0000
111669149731|2199023255625|2012-09-05T20:17:14.918+0000
111669149731|2199023255633|2012-07-22T19:35:07.026+0000
111669149731|10995116277851|2012-10-12T05:46:41.122+0000
111669149731|10995116277857|2012-06-14T21:33:27.928+0000
111669149732|10995116277764|2012-10-11T16:57:08.678+0000
111669149732|10995116277826|2012-07-29T18:38:17.006+0000
111669149732|10995116277857|2012-05-16T15:53:29.265+0000
77309411365|13194139533352|2012-09-24T07:44:05.546+0000
77309411365|7696581394474|2012-04-26T20:27:07.635+0000
77309411365|10995116277826|2012-02-15T10:09:01.659+0000
77309411365|10995116277851|2012-02-18T10:08:40.296+0000
128849018918|10995116277826|2012-09-24T05:04:37.085+0000
77309411367|10995116277764|2011-11-22T11:41:40.535+0000
77309411367|13194139533352|2012-03-28T14:34:29.194+0000
77309411367|7696581394474|2012-03-17T08:55:00.781+0000
77309411367|10995116277826|2011-12-10T06:21:05.331+0000
77309411367|2199023255625|2012-05-24T01:28:19.875+0000
77309411367|10995116277857|2011-12-02T19:30:45.338+0000
42949673000|13194139533352|2012-06-10T16:48:47.785+0000
42949673000|7696581394474|2011-12-10T09:08:04.188+0000
42949673000|10995116277826|2012-02-20T18:55:43.867+0000
42949673000|2199023255633|2012-02-20T01:00:20.376+0000
42949673000|10995116277851|2012-01-20T03:27:28.429+0000
42949673000|10995116277857|2011-11-28T05:28:00.439+0000
51539607593|10995116277764|2012-05-25T03:28:43.444+0000
51539607593|7696581394474|2011-09-16T11:26:09.024+0000
51539607593|10995116277826|2012-10-09T10:43:57.183+0000
51539607593|2199023255633|2011-12-26T03:52:57.951+0000
51539607593|10995116277857|2011-12-27T12:42:54.389+0000
103079215146|10995116277764|2012-09-05T02:44:21.965+0000
103079215146|10995116277826|2012-08-28T01:05:26.282+0000
103079215146|2199023255625|2012-05-22T03:28:10.893+0000
103079215146|2199023255633|2012-05-27T14:01:24.538+0000
103079215146|10995116277851|2012-07-27T15:40:11.160+0000
103079215146|10995116277857|2012-08-17T03:54:50.517+0000
34359738411|13194139533352|2012-07-15T18:24:39.643+0000
34359738411|7696581394474|2012-01-20T05:00:11.168+0000
34359738411|2199023255625|2012-04-05T02:02:42.467+0000
34359738411|2199023255633|2011-01-11T22:45:00.279+0000
34359738411|9895604650074|2012-08-11T13:13:38.347+0000
34359738411|10995116277851|2012-05-25T15:20:43.054+0000
34359738411|10995116277857|2012-02-13T03:25:22.850+0000
42949673004|7696581394474|2012-07-11T14:27:02.802+0000
42949673004|2199023255625|2012-02-06T22:55:19.009+0000
42949673004|2199023255633|2011-05-24T06:52:01.822+0000
42949673004|9895604650074|2012-07-05T20:07:04.088+0000
42949673004|10995116277851|2012-07-11T09:04:06.830+0000
42949673004|10995116277857|2012-01-03T10:02:57.409+0000
103079215149|10995116277764|2012-08-18T16:23:37.528+0000
103079215149|7696581394474|2012-05-30T14:02:04.793+0000
103079215149|2199023255625|2012-08-24T05:58:39.050+0000
103079215149|2199023255633|2012-04-03T00:23:59.951+0000
103079215149|10995116277857|2012-07-08T00:15:24.947+0000
77309411374|10995116277764|2012-06-11T10:21:16.113+0000
77309411374|7696581394474|2011-08-15T02:13:37.282+0000
77309411374|10995116277826|2012-05-03T17:05:03.661+0000
77309411374|2199023255625|2012-02-13T09:22:23.155+0000
77309411374|2199023255633|2012-02-09T02:39:12.201+0000
77309411374|9895604650074|2012-09-06T19:35:22.228+0000
103079215151|10995116277764|2012-03-08T11:01:08.727+0000
103079215151|2199023255565|2012-02-18T16:58:18.999+0000
103079215151|3298534883350|2012-02-28T11:06:29.950+0000
103079215151|12094627905567|2012-02-25T15:54:24.720+0000
103079215151|6597069766688|2012-02-14T18:17:55.068+0000
103079215151|16492674416674|2012-09-30T09:32:22.210+0000
103079215151|8796093022251|2012-02-20T22:06:39.192+0000
103079215151|8796093022253|2012-02-23T18:11:01.814+0000
103079215151|7696581394490|2012-03-01T16:16:43.727+0000
103079215151|2199023255611|2012-02-25T20:20:43.673+0000
103079215151|5497558138940|2012-03-02T09:08:09.850+0000
103079215151|3298534883391|2012-02-22T13:39:15.171+0000
103079215151|3298534883392|2012-02-21T17:11:20.435+0000
103079215151|10995116277826|2012-02-24T01:55:21.755+0000
103079215151|2199023255628|2012-02-12T18:12:53.275+0000
103079215151|6597069766735|2012-02-21T09:10:53.657+0000
103079215151|12094627905628|2012-02-18T17:43:00.486+0000
120259084336|12094627905567|2012-10-07T09:16:01.691+0000
120259084336|6597069766688|2012-08-02T03:17:33.872+0000
120259084336|8796093022251|2012-07-25T07:11:24.957+0000
120259084336|7696581394490|2012-08-18T02:21:47.556+0000
120259084336|2199023255611|2012-09-14T02:53:41.605+0000
120259084336|5497558138940|2012-08-22T05:22:52.002+0000
120259084336|3298534883392|2012-07-30T09:56:15.844+0000
120259084338|8796093022251|2012-09-19T21:51:28.890+0000
120259084338|8796093022253|2012-10-13T05:25:36.060+0000
120259084338|7696581394490|2012-09-14T14:41:54.020+0000
120259084338|5497558138940|2012-10-08T19:00:12.650+0000
120259084338|3298534883392|2012-09-07T16:49:32.555+0000
120259084338|10995116277826|2012-08-19T01:45:30.261+0000
120259084338|2199023255628|2012-09-15T18:53:56.424+0000
120259084338|6597069766735|2012-09-05T19:44:12.963+0000
111669149747|10995116277764|2012-08-15T16:18:00.742+0000
111669149747|16492674416674|2012-10-14T23:44:08.888+0000
111669149747|8796093022253|2012-08-15T18:41:27.983+0000
111669149747|5497558138940|2012-07-23T00:46:56.612+0000
111669149747|3298534883391|2012-06-18T21:13:44.005+0000
111669149747|3298534883392|2012-04-25T00:37:39.937+0000
111669149747|10995116277826|2012-08-19T15:53:19.152+0000
111669149747|12094627905628|2012-10-04T17:36:23.771+0000
120259084341|10995116277764|2012-08-29T06:29:00.943+0000
120259084341|3298534883350|2012-10-19T21:28:22.724+0000
120259084341|12094627905567|2012-10-04T22:11:04.371+0000
120259084341|10995116277826|2012-08-10T19:12:18.408+0000
120259084341|12094627905628|2012-10-08T05:53:05.307+0000
103079215158|10995116277764|2012-06-07T20:39:50.380+0000
103079215158|12094627905567|2012-09-21T10:12:44.738+0000
103079215158|8796093022253|2012-08-04T04:37:49.331+0000
103079215158|7696581394490|2012-10-06T14:37:27.409+0000
103079215158|5497558138940|2012-07-23T02:22:17.118+0000
111669149752|3298534883350|2012-08-15T19:04:05.364+0000
111669149752|12094627905567|2012-07-22T09:26:57.483+0000
111669149752|6597069766688|2012-08-28T09:03:17.636+0000
111669149752|7696581394490|2012-08-07T11:33:37.680+0000
111669149752|2199023255611|2012-10-13T09:31:03.951+0000
111669149752|5497558138940|2012-08-07T12:01:46.908+0000
120259084345|10995116277764|2012-10-06T17:01:36.446+0000
120259084345|3298534883350|2012-10-02T12:32:38.439+0000
120259084345|12094627905567|2012-08-06T20:10:58.080+0000
120259084345|2199023255611|2012-08-15T00:19:36.033+0000
120259084345|10995116277826|2012-06-30T19:32:00.956+0000
120259084345|2199023255628|2012-08-08T06:44:57.691+0000
120259084345|12094627905628|2012-07-22T20:03:50.440+0000
120259084346|2199023255565|2012-09-16T05:05:53.432+0000
120259084346|6597069766688|2012-08-04T11:15:06.220+0000
120259084346|7696581394490|2012-08-24T17:24:28.973+0000
120259084346|2199023255611|2012-08-16T02:23:13.042+0000
120259084346|5497558138940|2012-08-03T01:21:06.822+0000
120259084346|3298534883391|2012-09-30T00:23:18.122+0000
25769803835|15393162788888|2012-07-11T23:31:56.058+0000
25769803835|13194139533352|2012-02-22T13:39:15.171+0000
25769803837|15393162788888|2012-09-03T19:13:29.077+0000
34359738430|15393162788888|2012-09-12T23:41:38.195+0000
68719476799|15393162788888|2012-07-23T16:58:51.229+0000
68719476799|13194139533352|2012-05-20T06:32:48.582+0000
120259084352|15393162788888|2012-09-29T02:15:57.815+0000
85899345985|15393162788888|2012-10-01T06:17:28.530+0000
25769803842|15393162788888|2012-09-30T06:14:53.168+0000
60129542211|15393162788888|2012-09-23T23:35:48.420+0000
60129542211|13194139533352|2012-06-17T11:07:35.173+0000
128849018952|15393162788888|2012-09-18T00:38:53.655+0000
42949673034|13194139533352|2012-07-04T19:45:55.466+0000
60129542219|13194139533352|2012-03-29T12:17:07.452+0000
128849018959|15393162788888|2012-10-01T14:02:29.558+0000
94489280595|13194139533352|2012-02-28T04:57:01.591+0000
68719476822|13194139533352|2012-09-07T15:14:28.181+0000
60129542231|13194139533352|2012-09-03T10:14:43.542+0000
94489280601|13194139533352|2012-10-18T18:10:18.279+0000
42949673050|15393162788888|2012-07-17T20:00:03.115+0000
42949673050|3298534883392|2011-02-03T09:59:22.846+0000
42949673050|2199023255633|2011-02-03T07:16:14.924+0000
51539607643|2199023255633|2012-02-03T01:26:11.997+0000
85899346013|2199023255633|2012-04-23T00:01:59.093+0000
60129542238|15393162788888|2012-10-04T07:24:04.870+0000
60129542239|3298534883392|2011-06-05T16:54:08.299+0000
60129542239|2199023255633|2012-06-25T07:49:02.561+0000
111669149792|15393162788888|2012-08-04T19:14:32.944+0000
60129542241|3298534883392|2011-09-21T13:43:41.443+0000
60129542241|2199023255633|2012-06-29T01:13:03.928+0000
120259084387|15393162788888|2012-09-14T06:09:03.547+0000
94489280614|15393162788888|2012-09-07T19:07:43.893+0000
94489280614|2199023255633|2012-02-25T01:59:51.519+0000
94489280615|3298534883392|2012-07-05T07:38:38.361+0000
94489280615|2199023255633|2012-06-12T12:48:43.974+0000
94489280616|3298534883392|2012-03-04T14:52:10.305+0000
94489280616|2199023255633|2012-06-12T13:11:42.552+0000
42949673065|3298534883392|2012-08-25T09:14:02.499+0000
42949673066|15393162788888|2012-09-22T11:45:27.333+0000
42949673066|2199023255633|2012-02-14T06:25:51.718+0000
94489280619|2199023255633|2012-02-25T16:06:57.623+0000
120259084396|15393162788888|2012-10-03T12:47:30.271+0000
60129542255|3298534883392|2012-07-15T05:36:47.748+0000
60129542255|2199023255633|2011-05-03T11:38:23.435+0000
94489280624|2199023255633|2012-08-28T06:47:44.405+0000
77309411441|15393162788888|2012-10-15T13:42:42.778+0000
68719476850|15393162788888|2012-08-14T13:03:52.562+0000
68719476850|3298534883392|2012-04-28T08:52:12.086+0000
68719476850|2199023255633|2012-03-16T15:09:43.006+0000
111669149811|16492674416674|2012-10-03T21:11:37.942+0000
17179869300|9895604650002|2011-10-01T23:19:31.450+0000
17179869300|6597069766688|2011-04-11T20:53:30.689+0000
17179869300|16492674416674|2012-09-16T10:30:14.970+0000
17179869300|2199023255611|2010-08-09T01:39:54.127+0000
17179869300|3298534883392|2010-09-23T03:58:07.628+0000
17179869300|3298534883405|2010-09-23T06:11:53.011+0000
17179869300|5497558138966|2011-02-03T07:16:14.924+0000
17179869300|9895604650074|2011-09-25T11:51:32.334+0000
25769803893|6597069766688|2011-05-03T16:06:18.552+0000
25769803893|9895604650074|2012-09-27T21:36:34.510+0000
34359738486|9895604650002|2011-12-03T03:19:35.663+0000
34359738486|16492674416674|2012-09-27T05:15:16.260+0000
68719476855|9895604650002|2012-02-11T17:33:36.705+0000
68719476855|6597069766688|2011-11-08T00:38:53.705+0000
68719476855|3298534883405|2012-03-11T12:02:51.608+0000
68719476855|9895604650074|2012-02-13T13:34:07.254+0000
34359738488|2199023255611|2011-07-24T08:20:16.621+0000
34359738488|3298534883392|2012-02-10T16:57:10.879+0000
34359738488|5497558138966|2011-08-09T16:26:11.432+0000
94489280633|6597069766688|2012-02-28T19:45:41.426+0000
94489280633|16492674416674|2012-10-08T22:07:33.344+0000
94489280633|2199023255611|2012-03-14T02:47:14.938+0000
94489280633|3298534883392|2012-08-03T06:02:37.994+0000
94489280633|5497558138966|2012-06-08T22:30:09.025+0000
94489280633|9895604650074|2012-07-24T07:39:05.072+0000
42949673082|9895604650002|2012-07-28T07:10:47.905+0000
42949673082|6597069766688|2011-10-24T05:54:28.711+0000
42949673082|16492674416674|2012-09-23T17:47:03.367+0000
42949673082|3298534883392|2011-02-24T09:04:07.970+0000
42949673082|5497558138966|2012-10-13T23:56:41.631+0000
111669149819|6597069766688|2012-06-08T20:45:11.017+0000
111669149819|16492674416674|2012-09-28T22:31:11.877+0000
111669149819|3298534883405|2012-07-11T05:35:03.941+0000
111669149819|5497558138966|2012-07-02T03:06:08.823+0000
111669149819|9895604650074|2012-09-19T20:39:57.282+0000
25769803900|9895604650002|2011-11-28T04:31:07.781+0000
25769803900|6597069766688|2012-07-16T21:21:42.238+0000
25769803900|9895604650074|2012-03-09T16:29:52.090+0000
34359738493|3298534883392|2012-07-01T06:03:58.109+0000
34359738493|3298534883405|2011-05-02T17:14:25.059+0000
34359738493|5497558138966|2011-07-31T19:51:14.573+0000
34359738493|9895604650074|2012-09-24T19:34:54.514+0000
111669149822|9895604650002|2012-07-08T08:20:40.661+0000
111669149822|6597069766688|2012-06-18T16:28:33.093+0000
111669149822|2199023255611|2012-05-10T11:27:51.040+0000
111669149822|3298534883392|2012-10-11T15:12:20.037+0000
111669149822|9895604650074|2012-07-21T13:57:58.179+0000
34359738496|9895604650002|2012-09-04T19:38:18.082+0000
34359738496|2199023255611|2011-03-03T16:00:11.413+0000
34359738496|3298534883392|2011-08-02T01:21:28.345+0000
34359738496|3298534883405|2012-10-01T23:20:30.106+0000
34359738496|9895604650074|2012-09-27T19:08:50.615+0000
111669149825|6597069766688|2012-08-07T21:39:04.903+0000
111669149825|3298534883392|2012-10-06T20:08:09.262+0000
111669149825|3298534883405|2012-09-10T02:45:07.116+0000
111669149825|5497558138966|2012-06-12T20:18:44.909+0000
85899346050|6597069766688|2012-04-15T11:05:48.852+0000
85899346050|3298534883392|2012-09-04T17:54:40.408+0000
85899346050|3298534883405|2011-11-03T20:16:35.627+0000
85899346050|9895604650074|2011-12-09T01:51:40.453+0000
120259084419|5497558138966|2012-09-02T22:35:10.985+0000
128849019012|6597069766688|2012-09-18T18:42:39.467+0000
128849019012|9895604650074|2012-09-01T13:25:13.783+0000
42949673093|6597069766688|2012-05-09T19:29:32.704+0000
42949673093|3298534883392|2011-06-26T19:37:17.783+0000
42949673093|5497558138966|2011-04-14T14:33:35.750+0000
42949673093|9895604650074|2012-09-30T04:41:44.827+0000
111669149830|6597069766688|2012-10-13T21:09:08.523+0000
111669149830|16492674416674|2012-09-17T20:09:23.469+0000
111669149830|2199023255611|2012-09-21T00:38:50.975+0000
111669149830|3298534883405|2012-06-30T11:28:43.490+0000
68719476871|6597069766688|2011-11-08T07:05:31.992+0000
68719476871|2199023255611|2011-12-30T07:46:55.501+0000
68719476871|3298534883405|2012-06-17T17:11:37.264+0000
68719476871|5497558138966|2011-12-15T12:23:31.730+0000
68719476871|9895604650074|2012-05-11T03:26:00.775+0000
42949673096|6597069766688|2012-04-24T13:43:30.697+0000
42949673096|9895604650074|2012-04-08T12:01:51.384+0000
120259084425|6597069766688|2012-09-03T20:03:58.920+0000
120259084425|5497558138966|2012-07-26T09:08:17.452+0000
128849019018|2199023255611|2012-09-11T01:48:42.074+0000
128849019018|5497558138966|2012-08-21T12:45:43.825+0000
103079215243|6597069766688|2012-05-30T09:30:55.819+0000
103079215243|3298534883392|2012-07-24T15:25:26.965+0000
103079215243|9895604650074|2012-09-29T18:17:17.056+0000
103079215244|9895604650002|2012-07-07T06:46:55.712+0000
103079215244|2199023255611|2012-09-26T10:42:23.246+0000
103079215244|3298534883392|2012-05-15T04:07:09.645+0000
103079215244|5497558138966|2012-09-27T14:38:35.663+0000
77309411469|9895604650002|2012-10-11T02:56:06.103+0000
77309411469|6597069766688|2011-12-19T03:06:19.593+0000
77309411469|3298534883392|2012-07-09T00:28:19.016+0000
77309411469|3298534883405|2012-08-19T23:42:44.692+0000
77309411469|9895604650074|2011-12-22T03:26:23.378+0000
120259084430|9895604650002|2012-08-12T01:14:43.730+0000
120259084430|6597069766688|2012-09-20T06:03:32.606+0000
120259084430|2199023255611|2012-07-11T23:46:25.502+0000
120259084430|9895604650074|2012-09-29T11:33:32.585+0000
85899346063|9895604650002|2012-03-05T12:07:17.633+0000
85899346063|6597069766688|2011-12-19T18:35:57.149+0000
85899346063|2199023255611|2012-10-03T22:54:27.815+0000
85899346063|3298534883392|2012-02-08T06:18:01.310+0000
85899346063|9895604650074|2012-07-26T05:42:50.822+0000
111669149840|3298534883392|2012-05-14T23:19:33.273+0000
111669149840|9895604650074|2012-09-07T08:24:56.991+0000
77309411474|9895604650002|2012-05-21T11:37:46.840+0000
77309411474|3298534883392|2012-05-04T17:55:00.726+0000
77309411474|9895604650074|2011-10-03T21:39:30.329+0000
103079215251|7696581394433|2012-04-23T15:05:21.507+0000
103079215251|8796093022217|2012-04-04T21:02:14.486+0000
103079215251|3298534883405|2012-04-19T08:09:48.258+0000
17179869332|13194139533352|2012-02-18T16:58:18.999+0000
120259084437|13194139533405|2012-08-01T09:09:41.031+0000
94489280663|6597069766664|2012-01-20T15:00:11.425+0000
94489280663|8796093022217|2012-01-10T17:43:59.150+0000
94489280663|12094627905550|2012-02-04T04:01:07.518+0000
94489280663|9895604650036|2012-01-18T21:11:28.068+0000
94489280666|3298534883350|2012-02-18T01:45:51.324+0000
94489280666|5497558138908|2012-02-19T21:06:21.155+0000
94489280666|3298534883405|2012-02-11T08:00:26.241+0000
60129542300|10995116277764|2011-11-21T21:56:41.343+0000
60129542300|3298534883350|2011-05-28T01:28:22.382+0000
60129542300|15393162788888|2012-07-23T21:53:01.992+0000
60129542300|13194139533342|2012-04-23T15:05:21.507+0000
60129542300|12094627905567|2012-01-30T13:27:03.003+0000
60129542300|7696581394474|2011-06-13T06:02:35.175+0000
60129542300|9895604650036|2011-09-01T11:53:55.701+0000
60129542300|3298534883405|2011-06-12T09:45:51.669+0000
68719476894|13194139533342|2012-10-17T09:50:35.341+0000
68719476894|12094627905567|2012-09-19T22:51:04.634+0000
68719476894|7696581394474|2012-08-05T19:38:08.446+0000
68719476894|9895604650036|2012-05-17T12:57:48.554+0000
111669149855|10995116277764|2012-08-04T00:43:22.613+0000
128849019041|10995116277764|2012-08-18T12:25:05.574+0000
128849019041|9895604650036|2012-08-18T16:09:18.055+0000
68719476898|12094627905567|2012-08-16T00:24:55.726+0000
94489280675|10995116277764|2012-09-07T02:20:24.303+0000
94489280675|3298534883350|2012-01-13T23:04:51.811+0000
94489280675|15393162788888|2012-08-29T18:17:04.556+0000
77309411493|10995116277764|2012-10-16T06:05:58.023+0000
77309411493|3298534883350|2012-04-08T14:19:45.330+0000
77309411493|13194139533342|2012-08-09T06:34:20.431+0000
77309411493|12094627905567|2012-08-15T23:24:23.363+0000
77309411493|9895604650036|2011-12-05T21:41:52.788+0000
120259084454|9895604650036|2012-08-18T19:47:06.119+0000
120259084454|3298534883405|2012-09-18T06:08:44.502+0000
94489280679|7696581394474|2012-08-19T20:43:52.736+0000
94489280679|9895604650036|2012-08-12T23:59:57.018+0000
94489280679|3298534883405|2012-05-29T11:07:37.691+0000
77309411496|13194139533342|2012-10-05T19:42:37.665+0000
77309411496|12094627905567|2012-05-06T15:46:41.024+0000
77309411496|7696581394474|2011-11-07T04:32:27.397+0000
77309411496|3298534883405|2011-12-01T09:49:00.844+0000
111669149865|10995116277764|2012-09-12T09:45:07.241+0000
111669149865|15393162788888|2012-09-14T09:01:57.683+0000
111669149865|12094627905567|2012-06-28T02:30:37.900+0000
111669149865|9895604650036|2012-09-16T03:08:50.187+0000
120259084459|10995116277764|2012-08-15T21:34:55.807+0000
120259084459|3298534883350|2012-10-07T19:11:02.001+0000
94489280684|10995116277764|2012-03-04T21:57:46.104+0000
94489280684|3298534883350|2012-06-06T08:20:41.175+0000
94489280684|9895604650036|2012-07-29T20:26:53.539+0000
94489280684|3298534883405|2012-10-09T18:16:57.334+0000
68719476909|3298534883350|2011-10-27T05:05:45.279+0000
68719476909|3298534883405|2012-05-12T14:46:54.168+0000
77309411502|10995116277764|2012-02-18T06:59:04.280+0000
77309411502|12094627905567|2012-08-08T07:33:43.451+0000
77309411502|7696581394474|2012-09-28T19:52:19.987+0000
77309411502|9895604650036|2012-01-12T14:29:07.622+0000
77309411502|3298534883405|2012-04-17T05:48:36.813+0000
77309411503|3298534883350|2012-06-18T21:54:39.923+0000
77309411503|15393162788888|2012-10-04T10:26:34.131+0000
77309411503|3298534883405|2011-12-05T23:56:22.645+0000
128849019056|13194139533342|2012-09-03T23:06:22.169+0000
85899346097|12094627905543|2012-02-02T20:36:12.200+0000
85899346097|2199023255611|2011-11-26T13:55:09.429+0000
85899346097|10995116277851|2012-01-02T01:07:32.747+0000
120259084466|7696581394474|2012-07-15T16:12:20.886+0000
120259084466|2199023255628|2012-06-30T03:35:27.759+0000
120259084466|16492674416738|2012-10-14T05:55:53.923+0000
120259084467|7696581394474|2012-08-18T22:12:17.999+0000
120259084467|2199023255628|2012-07-22T01:00:20.218+0000
187|7696581394474|2011-06-10T13:38:56.495+0000
187|7696581394490|2011-06-07T12:55:22.448+0000
187|94|2010-03-05T02:52:49.365+0000
25769803964|7696581394474|2011-05-29T14:45:16.613+0000
25769803964|3298534883405|2010-09-21T06:18:31.335+0000
60129542333|7696581394474|2011-11-12T03:15:31.448+0000
94489280703|7696581394474|2012-08-18T09:14:22.910+0000
94489280703|3298534883405|2012-10-18T20:50:54.480+0000
103079215296|7696581394474|2012-10-16T09:30:01.026+0000
103079215296|3298534883405|2012-05-22T14:41:32.203+0000
77309411521|3298534883405|2011-12-01T22:59:12.591+0000
68719476930|3298534883405|2012-09-29T01:58:56.150+0000
85899346115|7696581394474|2012-10-14T16:21:52.330+0000
85899346115|3298534883405|2011-12-05T11:34:10.367+0000
51539607748|7696581394474|2011-07-22T03:39:50.975+0000
51539607748|3298534883405|2011-06-13T10:49:07.232+0000
77309411525|7696581394474|2012-06-16T21:21:52.685+0000
77309411525|3298534883405|2012-07-12T11:57:08.843+0000
85899346118|7696581394474|2011-12-23T11:22:43.833+0000
85899346118|3298534883405|2011-12-18T19:32:51.182+0000
103079215303|3298534883405|2012-03-24T22:30:38.072+0000
94489280712|7696581394474|2012-04-07T09:19:42.584+0000
60129542345|7696581394474|2012-04-15T23:09:30.278+0000
60129542345|3298534883405|2012-06-30T19:52:40.440+0000
68719476938|7696581394474|2012-02-11T18:41:37.181+0000
68719476938|3298534883405|2012-05-26T00:04:18.706+0000
42949673163|7696581394474|2012-07-18T00:58:22.293+0000
42949673163|3298534883405|2011-09-09T09:09:09.621+0000
94489280716|7696581394474|2012-09-07T00:43:03.214+0000
94489280716|3298534883405|2012-02-29T10:54:26.753+0000
60129542352|7696581394474|2011-09-23T13:01:27.372+0000
60129542352|3298534883405|2011-09-25T07:19:00.619+0000
68719476945|7696581394474|2012-07-21T22:32:32.286+0000
51539607762|7696581394474|2012-07-19T23:48:50.653+0000
51539607762|3298534883405|2012-02-09T19:04:51.692+0000
60129542355|7696581394474|2011-10-18T07:40:01.967+0000
60129542355|3298534883405|2011-11-25T12:29:33.884+0000
25769803988|7696581394474|2012-07-19T00:06:24.601+0000
42949673173|3298534883405|2011-07-07T20:11:00.460+0000
34359738584|7696581394474|2011-07-23T13:37:58.974+0000
85899346137|10995116277764|2011-11-29T00:59:13.141+0000
85899346137|3298534883350|2011-12-07T00:54:57.474+0000
94489280731|3298534883350|2012-01-04T03:38:38.396+0000
111669149917|3298534883350|2012-08-13T14:44:18.800+0000
94489280736|3298534883350|2012-07-12T05:59:14.561+0000
94489280738|3298534883350|2012-03-26T09:14:42.786+0000
94489280741|10995116277764|2012-03-16T13:27:36.766+0000
94489280741|3298534883350|2012-09-10T11:28:37.145+0000
85899346151|10995116277764|2012-01-26T10:37:09.462+0000
85899346151|3298534883350|2012-06-10T03:27:40.830+0000
77309411560|10995116277764|2011-11-28T03:47:12.045+0000
77309411560|6597069766676|2011-10-11T12:18:04.294+0000
77309411560|7696581394474|2011-10-07T19:16:07.321+0000
77309411560|7696581394490|2011-10-06T07:17:03.989+0000
77309411560|2199023255611|2011-10-05T10:55:16.833+0000
77309411560|2199023255633|2011-09-25T11:51:32.334+0000
85899346153|10995116277764|2011-11-20T18:57:12.041+0000
85899346153|8796093022217|2011-10-13T20:39:18.272+0000
85899346153|3298534883350|2011-11-11T16:28:04.714+0000
85899346153|7696581394461|2011-11-02T10:47:09.205+0000
85899346153|13194139533352|2012-02-24T01:55:21.755+0000
85899346153|2199023255593|2011-11-08T05:01:24.618+0000
85899346153|7696581394474|2011-10-27T06:16:56.628+0000
85899346153|8796093022251|2011-10-20T07:26:47.809+0000
85899346153|9895604650036|2011-11-01T03:08:12.467+0000
85899346153|2199023255611|2011-10-25T19:23:47.053+0000
85899346153|7696581394520|2011-10-18T09:10:54.572+0000
85899346153|16492674416738|2012-10-01T01:32:01.607+0000
103079215338|8796093022217|2012-05-13T20:37:47.192+0000
103079215338|7696581394520|2012-08-04T16:21:44.600+0000
103079215338|7696581394433|2012-06-06T08:31:56.282+0000
103079215338|13194139533352|2012-07-18T16:35:32.086+0000
103079215338|8796093022251|2012-06-19T08:45:28.846+0000
103079215338|7696581394461|2012-05-25T07:20:19.989+0000
103079215338|5497558138885|2012-03-30T15:13:02.937+0000
103079215338|7696581394474|2012-05-09T18:15:08.856+0000
103079215338|10995116277764|2012-10-19T00:08:08.885+0000
103079215338|2199023255593|2012-04-28T11:50:22.928+0000
103079215338|9895604650036|2012-06-09T00:58:22.715+0000
103079215338|2199023255565|2012-05-08T12:33:37.499+0000
103079215338|2199023255611|2012-08-22T22:34:47.467+0000
103079215338|12094627905563|2012-09-12T04:01:55.585+0000
103079215338|5497558138966|2012-05-23T08:53:36.034+0000
103079215338|8796093022231|2012-04-21T15:40:32.501+0000
103079215338|6597069766676|2012-10-17T21:03:17.219+0000
103079215338|5497558138940|2012-04-23T00:43:10.891+0000
103079215338|15393162788920|2012-08-10T11:05:53.193+0000
103079215338|12094627905580|2012-04-04T17:22:41.496+0000
103079215338|1099511627782|2012-04-26T21:47:20.443+0000
103079215338|3298534883367|2012-09-08T10:28:04.865+0000
103079215338|12094627905619|2012-07-13T18:36:54.293+0000
103079215338|10995116277857|2012-08-02T22:23:25.816+0000
103079215338|12094627905635|2012-06-26T22:35:36.247+0000
103079215338|13194139533342|2012-04-01T12:59:27.058+0000
103079215338|9895604650002|2012-09-13T04:51:21.374+0000
103079215338|14293651161159|2012-07-30T11:50:19.538+0000
103079215338|6597069766710|2012-08-19T16:39:04.482+0000
103079215338|10995116277826|2012-09-25T12:14:06.378+0000
103079215338|12094627905543|2012-07-27T18:23:05.020+0000
103079215338|65|2012-05-21T18:13:47.732+0000
103079215338|4398046511186|2012-07-13T12:46:20.270+0000
103079215338|6597069766688|2012-06-01T02:11:21.008+0000
103079215338|2199023255600|2012-09-02T10:26:33.176+0000
103079215338|1099511627861|2012-04-27T09:47:16.091+0000
103079215338|2199023255628|2012-09-20T15:26:41.053+0000
103079215338|2199023255625|2012-06-11T23:09:46.621+0000
103079215338|94|2012-04-28T23:35:03.752+0000
103079215338|16492674416673|2012-09-24T12:37:57.248+0000
103079215338|96|2012-05-22T15:44:12.439+0000
94489280747|10995116277764|2012-10-12T23:21:00.701+0000
94489280747|13194139533352|2012-10-08T02:05:22.688+0000
94489280747|8796093022251|2012-03-16T19:51:52.351+0000
103079215340|3298534883350|2012-04-18T01:16:43.035+0000
103079215340|2199023255593|2012-07-24T02:05:00.992+0000
103079215340|7696581394474|2012-10-04T20:52:56.999+0000
103079215340|2199023255611|2012-07-15T01:42:41.582+0000
103079215340|7696581394520|2012-04-15T17:20:40.268+0000
120259084526|3298534883350|2012-08-28T13:00:40.289+0000
120259084526|8796093022251|2012-09-13T19:05:15.738+0000
103079215343|10995116277764|2012-05-28T23:31:25.007+0000
103079215343|7696581394461|2012-02-19T19:34:07.612+0000
103079215343|13194139533352|2012-09-26T22:46:02.013+0000
103079215343|7696581394474|2012-02-24T05:24:34.328+0000
103079215343|8796093022251|2012-06-08T06:45:12.052+0000
103079215343|2199023255611|2012-05-20T06:33:07.569+0000
103079215343|7696581394520|2012-07-23T13:10:20.474+0000
128849019120|10995116277764|2012-10-18T14:43:00.706+0000
128849019120|2199023255593|2012-10-17T10:20:28.481+0000
128849019120|7696581394474|2012-09-28T19:43:05.260+0000
128849019120|8796093022251|2012-10-15T22:44:42.382+0000
85899346161|10995116277764|2012-03-04T03:10:24.976+0000
85899346161|3298534883350|2012-10-03T14:48:08.541+0000
85899346161|7696581394461|2012-06-24T04:11:21.422+0000
85899346161|13194139533352|2012-08-31T07:24:41.779+0000
85899346161|2199023255593|2012-05-10T06:55:14.746+0000
85899346161|7696581394474|2012-02-27T04:34:14.078+0000
85899346161|8796093022251|2012-05-09T05:07:16.490+0000
85899346161|9895604650036|2012-03-10T03:20:03.096+0000
120259084530|10995116277764|2012-06-26T13:21:18.336+0000
120259084530|8796093022217|2012-09-16T16:07:39.949+0000
120259084530|13194139533352|2012-08-04T04:24:08.197+0000
120259084530|2199023255593|2012-07-31T20:58:57.661+0000
120259084530|9895604650036|2012-08-25T03:26:31.332+0000
103079215347|10995116277764|2012-05-27T19:08:28.672+0000
103079215347|3298534883350|2012-09-20T07:57:41.721+0000
103079215347|2199023255593|2012-10-15T12:00:38.189+0000
103079215347|7696581394520|2012-07-01T21:56:30.795+0000
85899346164|10995116277764|2012-03-17T00:06:31.048+0000
85899346164|8796093022217|2012-07-14T14:11:45.713+0000
85899346164|13194139533352|2012-03-03T08:19:42.372+0000
85899346164|2199023255593|2012-05-04T19:30:05.728+0000
85899346164|8796093022251|2012-06-06T04:56:21.213+0000
85899346164|9895604650036|2012-01-14T21:34:49.444+0000
94489280757|10995116277764|2012-02-23T12:05:47.234+0000
94489280757|8796093022217|2012-08-22T13:42:43.194+0000
94489280757|3298534883350|2012-09-22T06:34:19.424+0000
94489280757|7696581394461|2012-08-26T06:54:26.902+0000
94489280757|13194139533352|2012-04-11T22:25:10.890+0000
94489280757|2199023255593|2012-06-23T18:22:52.924+0000
94489280757|7696581394474|2012-02-01T13:13:01.466+0000
94489280757|2199023255611|2012-01-14T05:28:29.590+0000
128849019126|16492674416738|2012-10-12T04:06:34.388+0000
85899346167|7696581394461|2012-01-08T03:19:22.565+0000
85899346167|13194139533352|2012-09-29T06:06:03.645+0000
85899346167|2199023255593|2011-11-10T16:56:22.105+0000
85899346167|8796093022251|2012-06-28T07:03:16.646+0000
85899346167|9895604650036|2012-09-17T21:21:26.188+0000
85899346167|2199023255611|2012-07-24T10:10:46.740+0000
85899346167|7696581394520|2011-11-06T18:59:29.935+0000
128849019128|8796093022251|2012-09-29T17:36:52.079+0000
128849019128|7696581394520|2012-09-25T23:29:27.569+0000
128849019129|10995116277764|2012-10-07T07:33:30.936+0000
128849019129|7696581394461|2012-09-03T10:43:34.934+0000
25769804026|7696581394433|2011-05-28T01:28:22.382+0000
25769804026|10995116277764|2011-12-05T09:54:30.850+0000
25769804026|8796093022217|2011-07-20T18:12:40.965+0000
25769804026|9895604650000|2011-09-20T05:41:58.554+0000
25769804026|9895604650002|2011-10-07T11:52:55.887+0000
25769804026|12094627905563|2012-02-18T01:45:51.324+0000
25769804026|7696581394461|2011-05-17T23:10:07.266+0000
25769804026|12094627905567|2012-01-20T22:43:59.287+0000
25769804026|16492674416674|2012-09-06T12:59:01.761+0000
25769804026|13194139533352|2012-02-28T11:06:29.950+0000
25769804026|10995116277811|2011-12-07T00:54:57.474+0000
25769804026|9895604650036|2011-09-06T02:43:01.264+0000
25769804026|10995116277826|2011-11-11T16:28:04.714+0000
25769804026|2199023255628|2010-09-28T03:31:58.614+0000
25769804026|3298534883405|2010-09-21T11:48:39.958+0000
94489280767|10995116277851|2012-02-07T17:16:10.296+0000
94489280767|10995116277857|2012-02-02T20:36:12.200+0000
111669149952|10995116277851|2012-08-06T18:29:36.127+0000
128849019139|10995116277857|2012-09-24T01:46:29.381+0000
103079215365|10995116277851|2012-09-24T01:51:53.480+0000
103079215365|10995116277857|2012-04-20T16:17:04.610+0000
120259084550|10995116277851|2012-07-09T21:03:01.520+0000
120259084550|10995116277857|2012-09-11T02:55:06.596+0000
120259084551|10995116277857|2012-10-20T10:29:46.894+0000
77309411596|2199023255625|2011-10-18T05:30:38.405+0000
77309411596|7696581394520|2011-10-15T05:42:03.781+0000
85899346191|2199023255625|2012-07-09T15:12:10.742+0000
94489280786|7696581394520|2012-05-09T11:35:30.586+0000
111669149973|2199023255625|2012-08-28T05:17:05.231+0000
111669149977|2199023255625|2012-08-04T19:58:52.262+0000
111669149977|7696581394520|2012-06-03T04:46:27.049+0000
94489280795|2199023255625|2012-06-15T01:04:16.020+0000
17179869469|7696581394474|2011-05-24T07:01:17.740+0000
77309411614|7696581394474|2012-09-04T14:01:41.653+0000
68719477023|7696581394474|2012-10-03T15:47:10.406+0000
77309411620|7696581394474|2012-09-20T07:07:36.712+0000
111669149989|7696581394474|2012-09-29T00:51:25.724+0000
60129542438|7696581394474|2012-07-01T15:52:49.973+0000
77309411623|7696581394474|2012-03-05T16:31:39.207+0000
42949673256|7696581394474|2012-02-16T10:51:28.541+0000
77309411628|7696581394474|2012-08-22T12:17:15.728+0000
77309411630|7696581394474|2012-04-02T21:19:43.593+0000
77309411638|7696581394474|2012-09-29T07:30:41.462+0000
77309411641|7696581394474|2012-02-02T13:58:44.229+0000
85899346237|7696581394433|2011-11-21T21:56:41.343+0000
85899346237|5497558138885|2011-11-07T12:23:44.312+0000
85899346237|8796093022217|2011-11-25T20:37:40.662+0000
85899346237|9895604650002|2011-11-23T22:03:46.468+0000
85899346237|3298534883350|2011-12-05T09:54:30.850+0000
85899346237|15393162788888|2012-07-20T04:50:59.837+0000
85899346237|5497558138908|2011-11-22T02:40:46.491+0000
85899346237|16492674416674|2012-09-16T03:03:06.475+0000
85899346237|13194139533352|2012-03-08T11:01:08.727+0000
85899346237|7696581394474|2011-11-26T06:24:36.024+0000
85899346237|8796093022251|2011-11-26T21:05:04.263+0000
85899346237|10995116277811|2011-11-29T00:59:13.141+0000
85899346237|9895604650036|2011-11-28T03:47:12.045+0000
85899346237|2199023255611|2011-11-14T20:10:29.153+0000
85899346237|5497558138940|2011-11-10T20:48:51.071+0000
85899346237|10995116277826|2011-11-20T18:57:12.041+0000
85899346237|2199023255628|2011-11-30T06:40:39.533+0000
85899346237|3298534883405|2011-11-24T11:45:10.955+0000
85899346237|8796093022286|2011-11-22T18:11:13.963+0000
85899346237|14293651161168|2012-05-28T09:30:22.596+0000
85899346237|15393162788948|2012-07-29T01:05:00.274+0000
85899346237|9895604650074|2011-11-28T03:47:12.045+0000
85899346237|12094627905628|2012-01-28T10:49:32.842+0000
94489280830|10995116277764|2012-01-28T10:49:32.842+0000
94489280830|6597069766676|2012-02-08T17:47:09.442+0000
94489280830|5497558138908|2012-02-11T21:09:10.664+0000
94489280830|13194139533352|2012-02-18T17:43:00.486+0000
94489280830|7696581394474|2012-01-26T11:56:15.255+0000
94489280830|9895604650036|2012-02-15T05:51:55.972+0000
94489280830|17592186044483|2012-10-17T01:50:10.600+0000
51539607871|7696581394474|2011-05-24T05:04:37.751+0000
51539607871|9895604650074|2011-10-11T12:18:04.294+0000
51539607871|12094627905628|2012-02-08T17:47:09.442+0000
77309411649|3298534883405|2011-10-10T19:19:03.579+0000
51539607874|12094627905580|2012-01-20T15:00:11.425+0000
51539607874|3298534883405|2011-04-11T17:06:08.713+0000
120259084611|12094627905580|2012-08-09T00:04:16.348+0000
103079215428|3298534883405|2012-06-02T18:49:44.614+0000
103079215429|3298534883405|2012-08-31T04:21:58.840+0000
68719477062|12094627905580|2012-06-21T23:35:49.674+0000
68719477062|3298534883405|2011-10-25T08:54:20.221+0000
85899346248|12094627905580|2012-10-09T12:24:18.620+0000
85899346248|3298534883405|2012-10-02T22:40:21.971+0000
77309411657|3298534883405|2012-05-17T20:26:24.096+0000
120259084618|12094627905580|2012-10-16T01:42:48.853+0000
60129542475|3298534883405|2012-05-31T04:08:57.031+0000
111669150029|12094627905580|2012-06-18T03:23:17.600+0000
103079215442|12094627905580|2012-06-17T01:33:33.855+0000
60129542485|12094627905580|2012-10-10T14:19:38.244+0000
60129542485|3298534883405|2011-12-21T09:16:40.078+0000
103079215446|3298534883405|2012-02-29T23:47:25.021+0000
60129542488|12094627905580|2012-07-30T15:51:43.399+0000
60129542488|3298534883405|2011-12-31T14:03:00.787+0000
68719477081|10995116277764|2011-11-22T18:11:13.963+0000
77309411674|10995116277764|2012-01-02T16:42:36.135+0000
103079215451|10995116277764|2012-09-30T18:19:40.797+0000
94489280866|10995116277764|2012-03-14T21:39:33.942+0000
85899346275|10995116277764|2012-04-05T10:54:14.577+0000
111669150052|10995116277764|2012-10-02T08:27:56.980+0000
103079215463|10995116277764|2012-09-07T10:56:03.015+0000
85899346282|10995116277764|2012-08-25T14:35:39.383+0000
42949673344|10995116277764|2011-11-07T12:23:44.312+0000
42949673344|8796093022217|2011-07-31T04:22:21.463+0000
42949673344|5497558138908|2011-02-11T00:16:24.274+0000
42949673344|7696581394490|2011-06-12T13:27:29.674+0000
42949673344|2199023255628|2011-02-13T19:11:10.936+0000
42949673344|16492674416738|2012-10-19T17:13:33.272+0000
120259084673|10995116277764|2012-09-13T13:38:29.792+0000
120259084673|8796093022217|2012-10-20T00:36:25.873+0000
68719477122|7696581394490|2012-02-24T19:18:02.316+0000
111669150085|10995116277764|2012-06-02T13:15:13.881+0000
111669150085|5497558138908|2012-09-30T23:13:28.180+0000
111669150085|7696581394490|2012-06-07T22:21:47.816+0000
111669150085|2199023255628|2012-10-13T19:13:03.257+0000
111669150087|8796093022217|2012-07-03T12:42:32.001+0000
68719477128|8796093022217|2012-08-20T04:58:54.290+0000
68719477128|5497558138908|2012-02-06T12:33:07.036+0000
68719477128|7696581394490|2012-03-08T12:58:41.015+0000
68719477128|2199023255628|2012-01-05T05:09:48.888+0000
60129542537|5497558138908|2011-08-04T03:47:58.262+0000
60129542537|7696581394490|2011-09-30T12:44:40.417+0000
51539607946|5497558138908|2011-12-25T16:21:04.785+0000
51539607946|7696581394490|2012-07-02T05:09:24.198+0000
51539607946|2199023255628|2011-03-28T01:35:22.430+0000
60129542539|5497558138908|2012-09-29T11:21:58.454+0000
60129542539|2199023255628|2011-05-15T00:10:45.470+0000
103079215500|10995116277764|2012-09-02T11:24:11.089+0000
103079215500|8796093022217|2012-06-14T14:19:12.561+0000
103079215500|5497558138908|2012-08-19T10:41:26.491+0000
103079215500|7696581394490|2012-08-29T04:21:40.035+0000
111669150093|8796093022217|2012-07-26T16:13:20.505+0000
111669150093|5497558138908|2012-09-22T22:41:08.488+0000
111669150093|7696581394490|2012-07-31T14:34:29.699+0000
68719477134|10995116277764|2012-10-16T07:01:50.598+0000
68719477134|2199023255628|2011-10-21T17:52:10.776+0000
77309411727|5497558138908|2011-09-15T18:34:40.256+0000
77309411727|2199023255628|2012-06-27T18:12:35.314+0000
94489280912|10995116277764|2012-06-03T04:09:12.507+0000
94489280912|5497558138908|2012-07-26T15:23:11.224+0000
94489280912|2199023255628|2012-10-01T17:31:40.932+0000
60129542545|10995116277764|2012-06-02T05:54:28.170+0000
60129542545|8796093022217|2012-02-29T02:20:23.204+0000
60129542545|7696581394490|2012-01-02T19:32:48.657+0000
128849019282|8796093022217|2012-09-19T09:33:34.367+0000
51539607955|8796093022217|2012-01-26T02:04:21.747+0000
51539607955|5497558138908|2012-02-23T13:46:58.405+0000
51539607955|7696581394490|2012-02-29T02:11:46.144+0000
103079215511|5497558138908|2012-03-08T13:47:33.383+0000
103079215511|2199023255628|2012-10-03T23:06:29.828+0000
111669150104|10995116277764|2012-08-01T05:56:19.869+0000
111669150104|8796093022217|2012-08-22T22:25:15.634+0000
111669150106|8796093022217|2012-06-21T02:21:29.319+0000
111669150106|2199023255593|2012-10-15T02:06:15.458+0000
111669150106|1099511627786|2012-09-19T00:04:27.677+0000
111669150106|15393162788948|2012-09-27T19:49:13.962+0000
111669150106|14293651161162|2012-10-06T07:51:17.021+0000
111669150106|96|2012-10-07T02:00:47.514+0000
120259084699|7696581394490|2012-08-07T04:53:49.558+0000
120259084699|2199023255628|2012-09-10T19:08:17.778+0000
120259084699|6597069766676|2012-09-11T23:11:12.547+0000
120259084699|6597069766675|2012-08-25T10:14:16.808+0000
120259084699|7696581394474|2012-08-20T02:20:58.265+0000
120259084699|10995116277851|2012-08-16T18:58:43.253+0000
120259084699|3298534883392|2012-09-22T10:20:21.143+0000
120259084699|9895604650020|2012-09-04T15:12:58.248+0000
120259084699|5497558138908|2012-07-20T00:27:52.162+0000
120259084699|12094627905550|2012-10-13T00:26:10.458+0000
120259084699|4398046511193|2012-09-27T03:15:51.025+0000
120259084699|9895604650074|2012-10-20T01:44:45.623+0000
120259084699|5497558138885|2012-08-26T19:03:46.330+0000
120259084699|15393162788910|2012-08-17T07:23:50.412+0000
120259084699|1099511627782|2012-09-25T13:32:39.030+0000
120259084699|9895604650002|2012-09-19T05:27:34.265+0000
120259084699|13194139533342|2012-09-20T22:50:40.589+0000
120259084699|9895604650036|2012-07-30T20:47:42.776+0000
120259084699|10995116277771|2012-07-29T11:58:02.605+0000
120259084699|13194139533352|2012-08-06T19:03:34.564+0000
120259084699|15393162788920|2012-08-06T17:02:10.979+0000
120259084699|9895604650009|2012-09-02T16:32:31.876+0000
120259084699|2199023255600|2012-07-25T11:15:51.477+0000
120259084699|12094627905635|2012-10-19T13:00:18.618+0000
120259084699|2199023255611|2012-08-15T06:28:56.419+0000
68719477175|7696581394434|2011-07-27T03:51:37.855+0000
68719477175|10995116277764|2011-11-25T20:37:40.662+0000
68719477175|5497558138885|2011-07-31T04:22:21.463+0000
68719477175|12094627905550|2012-02-10T01:38:59.131+0000
68719477175|3298534883350|2011-07-20T18:12:40.965+0000
68719477175|5497558138908|2011-08-05T15:47:03.002+0000
68719477175|7696581394461|2011-08-07T08:49:30.755+0000
68719477175|13194139533342|2012-04-04T21:02:14.486+0000
68719477175|3298534883365|2011-08-08T16:15:41.660+0000
68719477175|2199023255593|2011-07-27T01:49:31.428+0000
68719477175|7696581394474|2011-07-23T05:37:45.808+0000
68719477175|12094627905580|2012-01-10T17:43:59.150+0000
68719477175|8796093022253|2011-08-13T01:15:17.883+0000
68719477175|7696581394479|2011-07-23T13:20:24.314+0000
68719477175|16492674416689|2012-09-14T09:12:37.259+0000
68719477175|9895604650036|2011-09-27T12:03:47.671+0000
68719477175|10995116277826|2011-10-13T20:39:18.272+0000
68719477175|2199023255625|2011-07-26T04:00:02.456+0000
68719477175|14293651161162|2012-04-28T00:32:11.850+0000
68719477175|2199023255628|2011-07-16T19:33:17.530+0000
68719477175|3298534883405|2011-08-03T17:14:48.205+0000
68719477175|94|2011-07-13T06:18:31.011+0000
68719477175|16492674416738|2012-10-16T10:03:43.321+0000
120259084728|5497558138885|2012-08-12T01:48:23.622+0000
120259084728|5497558138908|2012-08-23T01:51:28.738+0000
120259084728|7696581394461|2012-08-03T23:34:28.955+0000
120259084728|3298534883365|2012-08-29T03:53:50.455+0000
120259084728|7696581394479|2012-09-18T01:15:49.402+0000
120259084728|94|2012-08-28T02:57:03.813+0000
120259084729|3298534883350|2012-07-06T15:21:23.140+0000
120259084729|3298534883365|2012-07-25T00:00:59.235+0000
120259084729|8796093022253|2012-09-06T19:06:38.530+0000
120259084729|7696581394479|2012-08-06T02:25:47.832+0000
120259084729|9895604650036|2012-07-29T13:01:14.136+0000
120259084729|2199023255625|2012-09-03T21:57:48.116+0000
120259084729|16492674416738|2012-10-20T08:34:31.670+0000
128849019322|7696581394434|2012-10-13T00:09:05.077+0000
128849019322|10995116277764|2012-09-24T05:31:57.622+0000
128849019322|7696581394474|2012-09-07T03:36:54.657+0000
128849019322|12094627905580|2012-09-12T12:21:20.880+0000
128849019322|16492674416689|2012-09-14T12:29:31.520+0000
128849019322|9895604650036|2012-09-12T07:48:44.256+0000
128849019323|10995116277764|2012-10-03T09:07:34.241+0000
128849019323|13194139533342|2012-10-15T14:24:45.217+0000
128849019323|12094627905580|2012-09-21T19:42:32.935+0000
103079215550|10995116277764|2012-07-31T10:58:33.813+0000
103079215550|5497558138885|2012-04-19T11:46:00.471+0000
103079215550|3298534883350|2012-09-11T02:59:27.452+0000
103079215550|7696581394461|2012-09-03T20:33:07.299+0000
103079215550|12094627905580|2012-03-29T02:09:07.827+0000
103079215550|10995116277826|2012-06-15T02:16:27.658+0000
103079215550|14293651161162|2012-05-13T18:17:55.867+0000
128849019327|7696581394434|2012-10-15T01:46:08.262+0000
128849019327|7696581394474|2012-10-16T16:38:45.925+0000
128849019327|7696581394479|2012-09-29T16:44:13.093+0000
103079215552|5497558138885|2012-04-11T06:49:12.834+0000
103079215552|12094627905550|2012-07-27T18:18:43.021+0000
103079215552|3298534883350|2012-10-10T10:18:43.451+0000
103079215552|13194139533342|2012-07-19T20:45:58.355+0000
103079215552|8796093022253|2012-07-01T12:25:26.680+0000
103079215552|16492674416689|2012-09-27T08:58:49.576+0000
103079215552|9895604650036|2012-09-17T06:45:19.671+0000
103079215552|10995116277826|2012-10-01T19:31:54.001+0000
103079215552|14293651161162|2012-10-14T10:05:02.700+0000
103079215552|2199023255628|2012-05-07T02:57:30.973+0000
128849019329|7696581394461|2012-10-05T09:36:27.461+0000
128849019329|10995116277826|2012-10-14T14:18:12.309+0000
128849019329|94|2012-09-30T22:10:13.752+0000
103079215554|10995116277764|2012-09-12T08:30:26.653+0000
103079215554|5497558138885|2012-08-16T01:39:57.975+0000
103079215554|12094627905550|2012-08-20T10:15:00.802+0000
103079215554|7696581394461|2012-06-30T16:47:36.274+0000
103079215554|3298534883365|2012-05-30T06:07:31.285+0000
103079215554|12094627905580|2012-06-03T09:10:54.263+0000
103079215554|8796093022253|2012-04-16T14:12:39.748+0000
103079215554|7696581394479|2012-06-09T04:29:09.622+0000
103079215554|2199023255625|2012-05-01T22:00:48.379+0000
103079215554|14293651161162|2012-08-09T00:56:23.503+0000
103079215554|2199023255628|2012-09-28T15:53:40.776+0000
103079215554|3298534883405|2012-07-07T06:18:19.702+0000
103079215556|10995116277764|2012-06-14T03:41:33.040+0000
103079215556|12094627905550|2012-04-15T18:40:18.356+0000
103079215556|3298534883350|2012-06-20T09:09:36.288+0000
103079215556|5497558138908|2012-08-14T17:44:41.295+0000
103079215556|7696581394461|2012-06-24T19:31:58.164+0000
103079215556|3298534883365|2012-06-25T09:02:50.319+0000
103079215556|7696581394474|2012-06-01T22:27:04.667+0000
103079215556|7696581394479|2012-09-16T22:59:15.797+0000
103079215556|9895604650036|2012-05-01T07:37:37.922+0000
103079215556|10995116277826|2012-05-03T22:47:20.766+0000
94489280966|12094627905550|2012-08-25T07:31:00.841+0000
94489280966|3298534883350|2012-03-03T07:30:32.454+0000
94489280966|5497558138908|2012-01-19T23:34:20.364+0000
94489280966|3298534883365|2012-05-01T14:37:21.295+0000
94489280966|7696581394474|2012-08-06T22:31:23.588+0000
94489280966|8796093022253|2012-10-03T07:10:08.447+0000
94489280966|9895604650036|2012-08-23T14:44:16.606+0000
94489280966|2199023255625|2012-06-07T10:15:21.039+0000
94489280966|2199023255628|2012-10-16T02:14:29.821+0000
94489280966|94|2012-01-25T11:51:14.589+0000
103079215559|7696581394434|2012-04-30T19:49:36.893+0000
103079215559|5497558138885|2012-08-16T18:35:20.124+0000
103079215559|12094627905550|2012-07-10T13:27:41.996+0000
103079215559|7696581394461|2012-07-11T21:29:03.091+0000
103079215559|13194139533342|2012-08-23T19:05:22.656+0000
103079215559|8796093022253|2012-04-23T23:39:15.489+0000
103079215559|94|2012-06-17T00:53:39.989+0000
111669150153|3298534883350|2012-04-17T04:26:59.403+0000
111669150153|7696581394474|2012-07-18T21:19:22.239+0000
111669150153|12094627905580|2012-06-05T15:01:59.350+0000
111669150153|8796093022253|2012-09-19T09:21:52.249+0000
111669150153|7696581394479|2012-08-14T07:08:35.902+0000
111669150153|10995116277826|2012-06-24T23:05:28.289+0000
111669150153|3298534883405|2012-08-18T02:54:00.810+0000
111669150153|94|2012-05-18T19:51:49.157+0000
111669150154|12094627905550|2012-06-11T05:31:29.297+0000
111669150154|3298534883350|2012-04-21T21:05:53.877+0000
111669150154|5497558138908|2012-10-15T12:43:07.952+0000
111669150154|7696581394461|2012-06-10T02:00:46.231+0000
111669150154|13194139533342|2012-08-16T07:50:59.559+0000
111669150154|7696581394474|2012-09-10T16:30:18.339+0000
111669150154|8796093022253|2012-08-14T11:58:37.064+0000
111669150154|7696581394479|2012-09-23T06:16:51.955+0000
111669150154|9895604650036|2012-05-21T04:32:17.660+0000
111669150154|2199023255625|2012-06-07T01:34:29.027+0000
111669150154|14293651161162|2012-10-04T09:25:05.781+0000
111669150154|2199023255628|2012-06-23T11:44:30.570+0000
25769804235|15393162788888|2012-06-28T17:41:01.871+0000
34359738828|3298534883405|2010-12-19T10:58:06.903+0000
103079215566|3298534883405|2012-06-23T17:17:20.841+0000
111669150163|3298534883405|2012-05-01T05:19:10.554+0000
51539608020|3298534883405|2011-06-06T22:23:57.734+0000
111669150165|3298534883405|2012-10-15T08:57:07.144+0000
103079215575|3298534883405|2012-04-03T10:40:30.943+0000
77309411802|3298534883405|2012-08-11T16:35:01.055+0000
68719477213|3298534883405|2012-09-22T16:35:09.666+0000
68719477216|3298534883405|2012-06-30T18:46:19.040+0000
68719477218|3298534883405|2011-11-05T02:52:26.859+0000
42949673443|3298534883405|2012-04-15T05:18:50.378+0000
103079215591|15393162788888|2012-07-05T03:50:12.264+0000
103079215591|16492674416674|2012-09-13T21:24:39.405+0000
25769804264|5497558138908|2011-02-05T21:34:01.676+0000
25769804264|6597069766688|2011-04-14T08:56:16.475+0000
25769804264|16492674416674|2012-09-06T09:10:13.299+0000
25769804264|13194139533352|2012-02-21T17:11:20.435+0000
25769804264|7696581394474|2011-06-11T16:09:59.473+0000
25769804264|2199023255633|2010-09-23T03:58:07.628+0000
25769804264|5497558138966|2011-02-03T09:59:22.846+0000
25769804264|13194139533405|2012-03-03T19:02:41.752+0000
94489281005|7696581394433|2012-01-30T13:27:03.003+0000
94489281005|3298534883350|2012-01-20T22:43:59.287+0000
94489281005|5497558138908|2012-01-13T16:47:55.085+0000
94489281005|13194139533352|2012-02-25T15:54:24.720+0000
94489281005|7696581394490|2012-01-11T06:40:14.940+0000
94489281005|5497558138940|2012-01-26T18:53:12.301+0000
94489281005|3298534883405|2012-01-19T01:52:47.557+0000
17179869678|8796093022217|2011-07-27T01:49:31.428+0000
17179869678|9895604650000|2011-09-18T18:32:20.750+0000
17179869678|15393162788888|2012-07-01T22:30:28.088+0000
17179869678|7696581394474|2011-05-19T01:24:51.244+0000
17179869678|10995116277826|2011-11-08T05:01:24.618+0000
17179869678|2199023255628|2010-07-30T22:43:36.769+0000
17179869678|3298534883405|2010-09-12T21:25:40.916+0000
17179869678|7696581394520|2011-06-09T02:14:37.311+0000
17179869678|16492674416738|2012-10-03T04:00:06.291+0000
25769804272|7696581394433|2011-06-12T09:45:51.669+0000
25769804272|3298534883331|2010-09-21T06:18:31.335+0000
25769804272|10995116277764|2011-11-24T11:45:10.955+0000
25769804272|1099511627782|2010-09-10T16:59:24.933+0000
25769804272|6597069766664|2011-04-11T17:06:08.713+0000
25769804272|8796093022217|2011-08-03T17:14:48.205+0000
25769804272|6597069766675|2011-03-07T11:44:06.068+0000
25769804272|3298534883350|2010-09-21T11:48:39.958+0000
25769804272|15393162788888|2012-07-06T09:04:16.410+0000
25769804272|12094627905563|2012-02-11T08:00:26.241+0000
25769804272|5497558138908|2011-02-05T09:03:01.647+0000
25769804272|7696581394461|2011-05-09T05:20:26.396+0000
25769804272|13194139533342|2012-04-19T08:09:48.258+0000
25769804272|12094627905567|2012-01-19T01:52:47.557+0000
25769804272|2199023255593|2010-09-12T21:25:40.916+0000
25769804272|7696581394474|2011-05-27T03:00:11.301+0000
25769804272|8796093022253|2011-08-29T08:26:03.037+0000
25769804272|9895604650036|2011-09-14T14:53:44.733+0000
25769804272|9895604650037|2011-10-10T19:19:03.579+0000
25769804272|5497558138940|2011-02-04T07:31:41.858+0000
25769804272|17592186044483|2012-10-15T01:58:19.322+0000
25769804272|14293651161168|2012-06-09T06:19:13.035+0000
25769804272|2199023255633|2010-09-23T06:11:53.011+0000
25769804272|4398046511186|2010-12-19T10:58:06.903+0000
25769804272|10995116277851|2011-12-27T23:16:07.372+0000
60129542641|9895604650020|2011-10-15T05:42:03.781+0000
60129542641|2199023255593|2011-06-09T02:14:37.311+0000
60129542641|8796093022251|2011-07-23T19:05:35.657+0000
60129542641|10995116277826|2011-10-18T09:10:54.572+0000
60129542641|2199023255625|2011-06-06T22:37:22.585+0000
120259084786|9895604650020|2012-08-23T08:45:19.870+0000
120259084786|2199023255593|2012-07-21T06:00:35.949+0000
120259084786|8796093022251|2012-10-04T13:37:11.324+0000
103079215603|9895604650020|2012-10-18T09:09:37.809+0000
103079215603|2199023255593|2012-05-02T19:09:07.506+0000
103079215603|10995116277826|2012-09-08T18:10:59.475+0000
103079215603|2199023255625|2012-04-24T09:06:48.487+0000
128849019380|2199023255593|2012-09-29T12:52:55.090+0000
68719477237|9895604650020|2012-02-06T06:30:08.675+0000
68719477237|2199023255593|2011-12-03T12:29:54.209+0000
68719477237|10995116277826|2011-11-28T03:52:40.520+0000
128849019382|9895604650020|2012-09-28T16:41:37.020+0000
128849019382|8796093022251|2012-10-05T16:05:46.650+0000
128849019382|10995116277826|2012-09-17T18:13:48.382+0000
128849019382|2199023255625|2012-10-18T00:27:45.231+0000
111669150199|9895604650020|2012-07-02T06:36:52.226+0000
111669150199|10995116277826|2012-05-25T13:04:09.192+0000
111669150199|2199023255625|2012-05-04T08:28:35.087+0000
94489281016|2199023255625|2012-10-14T20:22:29.912+0000
103079215609|9895604650020|2012-08-28T11:59:46.214+0000
103079215609|2199023255625|2012-07-14T15:56:03.997+0000
128849019386|9895604650020|2012-10-02T19:38:10.412+0000
128849019386|8796093022251|2012-09-29T04:48:22.697+0000
128849019386|10995116277826|2012-10-12T15:04:00.169+0000
68719477243|9895604650020|2012-07-14T07:52:29.228+0000
68719477243|2199023255593|2011-09-06T10:56:25.679+0000
128849019388|9895604650020|2012-10-13T18:33:20.218+0000
68719477245|9895604650020|2012-06-07T22:10:06.356+0000
68719477245|2199023255593|2011-12-09T12:43:16.948+0000
85899346431|9895604650020|2011-12-07T04:29:40.674+0000
94489281024|9895604650020|2012-01-22T22:00:30.485+0000
94489281024|2199023255625|2012-04-22T03:44:38.636+0000
94489281025|9895604650020|2012-08-20T01:14:30.212+0000
94489281025|2199023255593|2012-09-29T05:45:20.555+0000
94489281025|2199023255625|2012-07-07T00:10:03.543+0000
103079215618|2199023255593|2012-09-28T19:40:12.975+0000
103079215618|8796093022251|2012-07-25T02:40:38.617+0000
103079215618|10995116277826|2012-07-10T19:17:30.328+0000
85899346435|9895604650020|2011-11-16T06:49:33.624+0000
85899346435|2199023255593|2012-05-18T21:03:06.221+0000
85899346435|8796093022251|2012-03-07T04:10:29.906+0000
85899346435|10995116277826|2011-12-22T13:31:28.785+0000
85899346435|2199023255625|2012-02-28T02:35:15.255+0000
68719477252|8796093022251|2011-11-13T21:03:01.601+0000
68719477252|10995116277826|2012-04-14T02:31:47.377+0000
103079215621|2199023255593|2012-06-21T02:32:39.285+0000
103079215621|8796093022251|2012-05-21T09:26:29.981+0000
77309411846|9895604649984|2011-09-09T17:39:21.910+0000
77309411846|7696581394433|2011-09-01T11:53:55.701+0000
77309411846|7696581394434|2011-09-20T07:20:28.156+0000
77309411846|10995116277764|2011-11-28T03:47:12.045+0000
77309411846|8796093022217|2011-09-27T12:03:47.671+0000
77309411846|9895604650000|2011-09-30T06:49:58.845+0000
77309411846|3298534883350|2011-09-06T02:43:01.264+0000
77309411846|6597069766688|2011-09-19T20:07:52.051+0000
77309411846|12094627905580|2012-01-18T21:11:28.068+0000
77309411846|5497558138940|2011-09-03T23:39:44.880+0000
77309411846|10995116277826|2011-11-01T03:08:12.467+0000
77309411846|3298534883405|2011-09-14T14:53:44.733+0000
77309411846|10995116277851|2011-12-17T14:18:50.013+0000
77309411846|12094627905628|2012-02-15T05:51:55.972+0000
77309411846|13194139533405|2012-02-17T23:40:56.283+0000
60129542665|5497558138885|2011-06-12T13:27:29.674+0000
60129542665|12094627905567|2012-01-11T06:40:14.940+0000
60129542665|13194139533352|2012-03-01T16:16:43.727+0000
60129542665|7696581394474|2011-06-10T22:17:58.205+0000
60129542665|9895604650074|2011-10-06T07:17:03.989+0000
60129542665|96|2011-06-07T12:55:22.448+0000
111669150218|7696581394474|2012-06-26T19:17:32.054+0000
103079215627|7696581394474|2012-07-13T10:22:50.939+0000
103079215627|9895604650074|2012-07-05T21:55:32.845+0000
103079215627|96|2012-04-25T22:02:34.362+0000
85899346444|5497558138885|2012-04-26T11:14:47.175+0000
85899346444|12094627905567|2012-02-07T13:29:51.289+0000
85899346444|13194139533352|2012-10-03T14:15:51.759+0000
85899346444|9895604650074|2012-07-14T10:20:24.461+0000
85899346444|96|2012-03-29T04:54:00.492+0000
111669150222|5497558138885|2012-10-12T20:59:02.541+0000
111669150222|13194139533352|2012-09-11T19:25:01.636+0000
111669150222|96|2012-07-28T01:30:38.361+0000
120259084815|5497558138885|2012-08-10T19:28:14.173+0000
120259084815|12094627905567|2012-10-20T14:08:37.758+0000
120259084815|9895604650074|2012-08-27T21:41:54.318+0000
103079215634|12094627905567|2012-10-16T21:18:22.708+0000
103079215634|96|2012-06-01T08:58:55.535+0000
68719477267|5497558138885|2012-08-07T14:46:02.069+0000
68719477267|13194139533352|2012-06-10T20:46:07.901+0000
68719477267|9895604650074|2012-04-30T00:03:20.901+0000
68719477267|96|2012-02-21T03:15:44.283+0000
68719477270|5497558138885|2011-09-23T17:17:03.963+0000
68719477270|12094627905567|2012-06-26T17:53:01.352+0000
68719477270|13194139533352|2012-09-29T03:59:43.263+0000
85899346455|5497558138885|2012-08-29T18:24:15.364+0000
85899346455|96|2012-07-03T14:05:20.817+0000
94489281048|12094627905567|2012-03-15T22:57:35.116+0000
94489281048|13194139533352|2012-09-12T18:10:24.115+0000
120259084825|13194139533352|2012-09-09T16:30:24.816+0000
120259084826|7696581394474|2012-09-26T08:25:57.137+0000
94489281051|5497558138885|2012-10-10T20:07:21.311+0000
94489281051|12094627905567|2012-04-17T07:59:42.756+0000
94489281051|13194139533352|2012-09-14T16:20:41.070+0000
94489281051|7696581394474|2012-01-28T12:14:49.735+0000
111669150236|7696581394474|2012-04-24T00:26:41.075+0000
111669150236|9895604650074|2012-06-10T15:42:27.999+0000
8589935134|3298534883405|2010-09-10T16:59:24.933+0000
120259084831|7696581394433|2012-07-23T21:53:01.992+0000
120259084831|10995116277764|2012-07-20T04:50:59.837+0000
120259084831|13194139533324|2012-07-05T03:50:12.264+0000
120259084831|6597069766688|2012-07-10T05:02:55.079+0000
120259084831|2199023255593|2012-07-01T22:30:28.088+0000
120259084831|7696581394474|2012-07-09T00:31:08.436+0000
120259084831|8796093022251|2012-07-16T01:36:35.637+0000
120259084831|5497558138940|2012-07-05T04:34:53.751+0000
120259084831|3298534883391|2012-07-11T23:31:56.058+0000
120259084831|3298534883397|2012-06-28T17:41:01.871+0000
120259084831|2199023255625|2012-07-11T04:36:42.044+0000
120259084831|2199023255628|2012-07-13T04:27:23.373+0000
120259084831|3298534883405|2012-07-06T09:04:16.410+0000
120259084831|14293651161168|2012-07-14T05:57:13.887+0000
120259084831|5497558138966|2012-07-17T20:00:03.115+0000
120259084831|10995116277851|2012-07-18T17:07:35.164+0000
128849019428|3298534883397|2012-09-07T04:10:14.046+0000
128849019428|2199023255628|2012-10-06T23:55:49.899+0000
128849019428|3298534883405|2012-09-15T11:24:29.904+0000
128849019428|14293651161168|2012-08-22T08:19:48.985+0000
128849019428|5497558138966|2012-08-17T05:30:18.049+0000
103079215655|16492674416674|2012-10-01T16:08:25.137+0000
85899346483|12094627905543|2012-02-07T17:16:10.296+0000
85899346483|15393162788888|2012-07-18T17:07:35.164+0000
85899346483|7696581394474|2011-12-10T02:37:01.614+0000
85899346483|9895604650036|2011-12-17T14:18:50.013+0000
85899346483|2199023255611|2012-01-02T03:28:38.185+0000
85899346483|2199023255625|2011-12-15T14:26:09.775+0000
85899346483|3298534883405|2011-12-27T23:16:07.372+0000
85899346483|94|2011-12-17T22:14:40.667+0000
85899346483|10995116277857|2012-01-02T01:07:32.747+0000
94489281076|8796093022217|2012-02-10T01:38:59.131+0000
94489281076|5497558138908|2012-02-21T17:56:44.438+0000
94489281076|7696581394474|2012-02-21T00:04:21.943+0000
94489281076|12094627905580|2012-02-04T04:01:07.518+0000
42949673530|10995116277764|2011-11-10T20:48:51.071+0000
42949673530|15393162788888|2012-07-05T04:34:53.751+0000
42949673530|5497558138908|2011-01-30T21:38:06.434+0000
42949673530|12094627905567|2012-01-26T18:53:12.301+0000
42949673530|6597069766688|2011-03-28T12:48:33.171+0000
42949673530|13194139533352|2012-03-02T09:08:09.850+0000
42949673530|9895604650036|2011-09-03T23:39:44.880+0000
42949673530|3298534883405|2011-02-04T07:31:41.858+0000
128849019451|15393162788888|2012-10-20T07:37:21.357+0000
103079215676|5497558138908|2012-04-28T03:18:19.500+0000
103079215676|12094627905567|2012-04-19T13:46:37.400+0000
103079215676|9895604650036|2012-03-20T09:19:37.907+0000
85899346493|12094627905567|2012-05-05T11:34:54.333+0000
85899346493|13194139533352|2012-04-08T06:30:31.114+0000
85899346493|9895604650036|2012-09-23T21:31:36.601+0000
94489281086|10995116277764|2012-09-06T21:42:58.779+0000
94489281086|13194139533352|2012-09-11T08:30:53.587+0000
94489281086|9895604650036|2012-03-07T14:01:31.141+0000
94489281086|3298534883405|2012-05-31T03:57:19.156+0000
94489281087|5497558138908|2012-10-20T12:04:54.353+0000
94489281087|13194139533352|2012-05-06T19:42:28.951+0000
94489281087|9895604650036|2012-04-01T21:34:16.764+0000
68719477312|10995116277764|2012-02-11T15:16:48.382+0000
68719477312|5497558138908|2012-02-08T14:48:35.842+0000
68719477312|13194139533352|2012-06-08T01:41:58.340+0000
111669150274|10995116277764|2012-09-29T11:16:11.770+0000
111669150274|12094627905567|2012-10-03T12:38:12.885+0000
111669150274|6597069766688|2012-06-03T13:24:21.646+0000
111669150274|13194139533352|2012-08-24T15:54:04.844+0000
111669150274|9895604650036|2012-07-17T21:03:13.975+0000
68719477315|10995116277764|2012-09-13T08:25:39.039+0000
68719477315|12094627905567|2012-08-28T16:01:19.844+0000
68719477315|6597069766688|2012-06-14T13:42:26.483+0000
68719477315|3298534883405|2012-03-17T09:29:03.663+0000
77309411908|10995116277764|2011-11-18T17:23:49.361+0000
77309411908|5497558138908|2012-07-18T07:34:33.240+0000
77309411908|12094627905567|2012-07-20T04:20:03.072+0000
77309411908|9895604650036|2011-12-31T23:10:35.681+0000
77309411908|3298534883405|2011-12-23T04:28:31.940+0000
68719477317|10995116277764|2012-02-19T14:32:02.167+0000
68719477317|15393162788888|2012-09-11T00:56:31.105+0000
68719477317|12094627905567|2012-09-06T13:15:02.420+0000
68719477317|6597069766688|2012-04-17T17:02:09.228+0000
68719477317|9895604650036|2012-06-20T00:53:22.553+0000
68719477317|3298534883405|2012-02-27T13:04:52.997+0000
85899346502|10995116277764|2012-01-17T20:11:49.149+0000
85899346502|5497558138908|2012-08-18T17:36:49.672+0000
85899346502|12094627905567|2012-08-20T19:11:10.011+0000
85899346502|3298534883405|2012-09-19T07:57:03.618+0000
94489281096|10995116277764|2012-07-04T17:26:48.112+0000
94489281096|12094627905567|2012-09-21T04:59:53.406+0000
94489281096|6597069766688|2012-03-27T20:24:21.038+0000
94489281096|3298534883405|2012-01-17T07:30:16.036+0000
85899346505|10995116277764|2012-08-12T19:45:54.144+0000
85899346505|15393162788888|2012-09-23T19:28:02.850+0000
85899346505|5497558138908|2012-01-18T03:50:52.890+0000
85899346505|12094627905567|2012-01-29T22:58:51.535+0000
85899346505|6597069766688|2012-05-04T19:28:30.602+0000
85899346505|13194139533352|2012-06-30T14:20:37.236+0000
120259084875|3298534883405|2012-10-17T20:56:09.842+0000
111669150284|10995116277764|2012-10-13T17:11:17.558+0000
111669150284|15393162788888|2012-08-15T18:28:20.387+0000
111669150284|5497558138908|2012-08-10T18:50:29.445+0000
111669150284|6597069766688|2012-08-09T23:27:38.174+0000
111669150284|13194139533352|2012-07-08T22:01:59.942+0000
94489281101|15393162788888|2012-09-16T15:55:13.038+0000
94489281101|12094627905567|2012-08-16T03:27:00.074+0000
94489281101|13194139533352|2012-03-13T20:07:22.450+0000
94489281101|9895604650036|2012-05-30T13:44:25.379+0000
94489281101|3298534883405|2012-08-30T03:26:53.748+0000
77309411918|10995116277764|2012-03-15T07:27:31.459+0000
77309411918|5497558138908|2012-05-12T10:45:22.587+0000
77309411918|6597069766688|2012-08-04T05:27:02.522+0000
77309411918|9895604650036|2011-10-25T22:46:11.589+0000
77309411918|3298534883405|2011-12-23T22:00:44.628+0000
77309411920|10995116277764|2012-07-30T18:47:40.315+0000
77309411920|15393162788888|2012-08-25T16:24:20.678+0000
77309411920|6597069766688|2011-12-22T14:28:55.848+0000
77309411920|13194139533352|2012-08-10T13:23:29.343+0000
77309411920|9895604650036|2012-08-03T03:39:48.398+0000
77309411920|3298534883405|2011-12-20T04:51:57.688+0000
68719477329|10995116277764|2012-02-29T23:07:41.926+0000
68719477329|15393162788888|2012-08-16T08:42:50.435+0000
68719477329|5497558138908|2012-06-16T04:00:57.102+0000
68719477329|12094627905567|2012-03-05T02:05:28.210+0000
68719477329|6597069766688|2011-10-24T08:14:40.585+0000
68719477329|13194139533352|2012-08-11T00:49:34.836+0000
68719477329|9895604650036|2012-04-04T09:13:20.247+0000
103079215698|15393162788888|2012-10-20T00:10:47.213+0000
103079215698|5497558138908|2012-07-02T03:31:43.516+0000
103079215698|12094627905567|2012-03-25T08:14:53.822+0000
103079215698|13194139533352|2012-05-13T22:00:21.222+0000
103079215698|9895604650036|2012-09-10T00:00:23.094+0000
103079215698|3298534883405|2012-07-31T15:50:19.039+0000
103079215699|16492674416674|2012-09-22T00:43:55.414+0000
103079215699|15393162788910|2012-08-01T09:09:41.031+0000
103079215699|9895604650036|2012-02-17T23:40:56.283+0000
103079215699|3298534883392|2012-03-03T19:02:41.752+0000
103079215699|17592186044483|2012-10-16T06:41:28.257+0000
60129542740|7696581394433|2011-06-13T06:02:35.175+0000
60129542740|3298534883331|2011-05-29T14:45:16.613+0000
60129542740|10995116277764|2011-11-26T06:24:36.024+0000
60129542740|8796093022217|2011-07-23T05:37:45.808+0000
60129542740|12094627905550|2012-02-21T00:04:21.943+0000
60129542740|9895604650002|2011-10-19T07:15:42.067+0000
60129542740|6597069766675|2011-05-26T23:23:01.693+0000
60129542740|6597069766676|2011-05-24T05:04:37.751+0000
60129542740|15393162788888|2012-07-09T00:31:08.436+0000
60129542740|5497558138908|2011-05-27T00:31:58.173+0000
60129542740|7696581394461|2011-05-28T15:11:29.648+0000
60129542740|16492674416674|2012-10-05T23:17:13.333+0000
60129542740|2199023255593|2011-05-19T01:24:51.244+0000
60129542740|8796093022251|2011-07-01T09:58:25.993+0000
60129542740|2199023255602|2011-05-24T07:01:17.740+0000
60129542740|15393162788920|2012-07-15T16:12:20.886+0000
60129542740|7696581394490|2011-06-10T22:17:58.205+0000
60129542740|2199023255611|2011-05-26T12:02:44.855+0000
60129542740|3298534883392|2011-06-11T16:09:59.473+0000
60129542740|10995116277826|2011-10-27T06:16:56.628+0000
60129542740|2199023255628|2011-05-23T14:43:28.320+0000
60129542740|3298534883405|2011-05-27T03:00:11.301+0000
60129542740|1099511627861|2011-06-10T20:09:38.224+0000
60129542740|9895604650074|2011-10-07T19:16:07.321+0000
60129542740|10995116277851|2011-12-10T02:37:01.614+0000
60129542740|12094627905628|2012-01-26T11:56:15.255+0000
60129542740|96|2011-06-10T13:38:56.495+0000
60129542742|8796093022217|2011-07-23T13:20:24.314+0000
60129542742|16492674416674|2012-10-01T17:32:19.645+0000
103079215704|8796093022217|2012-08-05T05:43:45.290+0000
111669150299|8796093022217|2012-08-22T06:06:39.975+0000
85899346524|8796093022217|2012-05-29T11:15:14.346+0000
68719477341|8796093022217|2012-06-25T02:41:24.513+0000
68719477341|16492674416674|2012-10-03T21:32:33.504+0000
103079215711|8796093022217|2012-04-17T00:44:17.797+0000
85899346528|8796093022217|2011-12-09T16:11:47.648+0000
85899346529|8796093022217|2012-10-17T10:21:44.473+0000
94489281124|8796093022217|2012-04-10T08:05:06.937+0000
77309411942|8796093022217|2012-02-12T19:09:20.563+0000
68719477352|8796093022217|2012-01-07T03:31:49.607+0000
77309411946|8796093022217|2012-03-07T03:54:43.836+0000
51539608171|7696581394474|2011-05-26T23:23:01.693+0000
51539608171|3298534883405|2011-03-07T11:44:06.068+0000
77309411948|7696581394474|2011-11-15T17:53:37.451+0000
60129542766|7696581394474|2012-08-30T22:47:14.464+0000
60129542766|3298534883405|2012-10-01T17:49:23.263+0000
77309411953|3298534883405|2012-04-08T16:37:47.580+0000
103079215730|7696581394474|2012-06-28T21:35:39.369+0000
60129542772|7696581394474|2011-07-03T06:15:49.604+0000
94489281142|7696581394474|2012-10-13T18:28:55.359+0000
85899346554|3298534883405|2012-05-27T14:41:01.050+0000
77309411964|7696581394474|2012-02-27T00:16:48.448+0000
85899346557|7696581394474|2012-07-21T10:00:19.901+0000
85899346557|3298534883405|2011-10-15T21:49:28.435+0000
60129542784|7696581394474|2012-02-16T20:53:42.535+0000
60129542785|7696581394474|2012-01-11T00:11:33.278+0000
60129542785|3298534883405|2012-09-19T06:58:42.890+0000
85899346562|3298534883405|2011-12-18T14:15:34.770+0000
51539608195|13194139533352|2012-02-21T09:10:53.657+0000
644|8796093022217|2011-07-13T06:18:31.011+0000
644|3298534883365|2010-10-17T02:09:48.887+0000
644|8796093022251|2011-07-19T15:47:27.382+0000
644|2199023255625|2010-08-01T07:36:09.871+0000
644|10995116277851|2011-12-17T22:14:40.667+0000
644|96|2010-03-05T02:52:49.365+0000
25769804421|8796093022217|2011-11-13T17:01:00.696+0000
25769804421|3298534883365|2011-06-22T22:05:18.560+0000
25769804421|8796093022251|2012-08-28T01:54:46.574+0000
25769804421|2199023255625|2012-03-17T16:33:32.578+0000
25769804421|10995116277851|2012-06-20T07:07:23.994+0000
25769804421|96|2011-12-25T23:42:01.533+0000
60129542791|8796093022217|2012-04-30T18:53:58.907+0000
60129542791|96|2012-04-19T15:18:26.338+0000
120259084937|3298534883365|2012-10-01T03:37:59.384+0000
120259084937|2199023255625|2012-08-14T01:02:32.826+0000
120259084937|10995116277851|2012-10-03T15:16:03.431+0000
34359739018|8796093022217|2011-09-04T06:31:04.087+0000
34359739018|10995116277851|2012-05-01T08:15:36.917+0000
34359739018|96|2012-02-12T18:48:10.504+0000
128849019531|8796093022251|2012-09-04T23:32:29.119+0000
128849019531|10995116277851|2012-10-10T05:48:49.901+0000
128849019531|96|2012-08-26T13:19:19.058+0000
85899346572|8796093022217|2012-01-14T09:20:10.455+0000
85899346572|3298534883365|2012-09-12T01:14:52.912+0000
85899346572|8796093022251|2011-11-26T18:58:49.951+0000
85899346572|2199023255625|2012-03-10T10:28:20.628+0000
85899346572|96|2012-07-26T01:43:25.648+0000
8589935245|2199023255625|2011-09-07T15:38:00.263+0000
8589935245|10995116277851|2012-01-14T00:27:31.154+0000
8589935245|96|2011-08-09T00:33:22.922+0000
60129542798|8796093022217|2012-04-20T06:33:33.991+0000
60129542798|3298534883365|2012-01-06T02:44:03.108+0000
60129542798|8796093022251|2012-08-14T22:09:30.122+0000
60129542798|2199023255625|2011-06-05T08:18:00.240+0000
60129542798|10995116277851|2012-05-04T23:47:17.773+0000
77309411983|8796093022217|2012-10-04T08:17:51.097+0000
77309411983|3298534883365|2011-10-10T13:11:18.541+0000
77309411983|8796093022251|2012-08-12T18:41:36.517+0000
77309411983|96|2012-10-07T11:46:14.939+0000
25769804432|8796093022217|2011-08-01T20:30:17.982+0000
25769804432|2199023255625|2012-06-29T23:42:07.140+0000
60129542802|8796093022217|2012-01-26T21:37:51.002+0000
60129542802|3298534883365|2012-02-23T11:41:15.064+0000
60129542802|8796093022251|2011-09-04T21:42:12.113+0000
60129542802|10995116277851|2012-05-09T15:59:03.840+0000
77309411987|8796093022217|2012-02-22T17:57:02.820+0000
77309411987|3298534883365|2012-01-08T15:49:14.289+0000
77309411987|8796093022251|2012-01-27T02:29:24.492+0000
77309411987|10995116277851|2012-08-11T20:48:10.907+0000
77309411987|96|2012-10-12T00:32:29.561+0000
77309411988|8796093022217|2012-05-03T22:19:50.547+0000
77309411988|8796093022251|2012-08-19T04:09:43.143+0000
77309411988|10995116277851|2012-08-06T05:37:12.350+0000
77309411988|96|2012-04-11T04:08:17.065+0000
661|2199023255625|2010-09-06T10:12:42.039+0000
661|96|2010-12-03T23:58:15.255+0000
25769804438|8796093022217|2012-06-15T18:25:52.987+0000
25769804438|8796093022251|2011-10-08T00:38:31.542+0000
25769804438|2199023255625|2011-11-30T01:07:08.860+0000
25769804438|10995116277851|2012-08-20T10:37:16.548+0000
25769804438|96|2012-08-19T05:32:42.075+0000
8589935255|8796093022217|2011-09-16T05:04:08.783+0000
8589935255|3298534883365|2012-06-21T13:51:52.843+0000
8589935255|2199023255625|2010-09-18T13:28:17.491+0000
8589935255|10995116277851|2012-07-09T22:20:39.191+0000
8589935255|96|2012-07-03T09:13:51.510+0000
51539608216|8796093022217|2012-08-27T23:17:49.109+0000
51539608216|8796093022251|2012-02-04T04:18:48.960+0000
51539608216|2199023255625|2011-04-08T18:55:06.298+0000
51539608216|10995116277851|2012-07-17T13:26:20.790+0000
111669150361|96|2012-08-23T11:33:06.453+0000
120259084954|2199023255625|2012-09-05T01:08:55.367+0000
25769804443|8796093022217|2011-12-12T07:15:54.226+0000
25769804443|3298534883365|2011-01-12T01:25:46.250+0000
25769804443|8796093022251|2011-08-03T20:22:22.172+0000
25769804443|2199023255625|2010-09-28T14:55:53.711+0000
25769804443|10995116277851|2012-04-28T18:56:08.876+0000
25769804443|96|2012-05-13T06:00:02.630+0000
68719477404|8796093022217|2012-02-10T04:35:54.272+0000
68719477404|3298534883365|2011-11-17T02:18:05.886+0000
68719477404|8796093022251|2012-04-25T17:41:28.653+0000
68719477404|2199023255625|2012-02-16T19:18:12.517+0000
68719477404|10995116277851|2012-02-21T18:06:54.275+0000
60129542813|3298534883365|2011-11-03T21:54:00.269+0000
60129542813|2199023255625|2011-12-18T05:04:01.088+0000
60129542813|96|2012-10-20T12:01:45.555+0000
103079215774|8796093022217|2012-05-09T11:00:48.571+0000
103079215774|2199023255625|2012-09-27T04:46:49.594+0000
128849019551|8796093022217|2012-10-07T00:15:11.833+0000
128849019551|8796093022251|2012-10-02T08:21:41.323+0000
8589935264|3298534883365|2011-09-22T15:59:47.693+0000
8589935264|8796093022251|2011-08-24T14:08:52.487+0000
8589935264|2199023255625|2012-02-12T09:05:00.765+0000
8589935264|10995116277851|2012-03-14T05:27:21.203+0000
85899346593|2199023255625|2012-07-16T21:30:40.765+0000
85899346593|96|2012-03-23T12:11:29.110+0000
25769804450|3298534883365|2012-05-02T10:22:53.724+0000
25769804450|10995116277851|2012-09-13T06:22:37.263+0000
25769804450|96|2012-02-13T22:09:50.221+0000
68719477412|8796093022217|2012-10-18T21:16:15.750+0000
68719477412|3298534883365|2012-04-16T07:18:10.588+0000
68719477412|2199023255625|2012-09-11T19:36:42.527+0000
68719477412|10995116277851|2012-08-18T21:51:51.817+0000
68719477412|96|2012-07-07T14:34:09.975+0000
103079215781|3298534883365|2012-07-23T18:24:41.759+0000
103079215781|8796093022251|2012-03-12T21:38:08.324+0000
103079215781|10995116277851|2012-07-17T16:36:53.899+0000
8589935270|8796093022217|2011-08-31T03:37:43.558+0000
8589935270|96|2012-07-20T11:11:58.674+0000
17179869863|8796093022251|2012-09-09T22:50:23.693+0000
17179869863|2199023255625|2011-09-09T19:09:24.916+0000
17179869863|96|2010-10-12T00:36:17.454+0000
34359739048|8796093022217|2012-01-11T02:17:22.943+0000
34359739048|3298534883365|2011-10-27T21:41:12.335+0000
34359739048|2199023255625|2011-08-08T09:09:34.736+0000
34359739048|96|2012-01-12T18:00:46.177+0000
137438954154|7696581394461|2012-10-14T12:47:53.822+0000
137438954154|3298534883405|2012-10-15T01:58:19.322+0000
137438954154|12094627905628|2012-10-17T01:50:10.600+0000
137438954154|13194139533405|2012-10-16T06:41:28.257+0000
111669150417|8796093022217|2012-04-28T00:32:11.850+0000
111669150418|10995116277764|2012-05-28T09:30:22.596+0000
111669150418|15393162788888|2012-07-14T05:57:13.887+0000
111669150418|3298534883405|2012-06-09T06:19:13.035+0000
60129542867|8796093022217|2011-07-27T03:51:37.855+0000
60129542867|9895604650036|2011-09-20T07:20:28.156+0000
60129542868|9895604650036|2012-04-07T10:50:06.461+0000
60129542870|8796093022217|2012-09-30T09:34:00.217+0000
60129542870|9895604650036|2012-03-12T09:10:13.881+0000
85899346647|8796093022217|2012-08-20T14:54:05.472+0000
85899346647|9895604650036|2012-05-06T17:32:09.937+0000
120259085017|8796093022217|2012-07-08T12:54:51.790+0000
120259085017|9895604650036|2012-09-16T08:06:29.856+0000
68719477467|8796093022217|2011-11-13T04:20:32.708+0000
94489281245|8796093022217|2012-05-16T16:02:16.742+0000
94489281245|9895604650036|2012-05-15T16:05:10.876+0000
68719477470|8796093022217|2012-08-09T14:54:21.965+0000
85899346655|9895604650036|2012-04-10T05:24:56.043+0000
77309412064|9895604650036|2012-03-16T16:38:08.424+0000
85899346657|8796093022217|2012-01-08T05:25:22.819+0000
77309412066|8796093022217|2011-10-08T01:30:09.188+0000
77309412066|9895604650036|2011-11-10T22:45:32.692+0000
120259085028|8796093022217|2012-09-25T18:15:13.031+0000
68719477478|8796093022217|2012-05-05T01:57:48.509+0000
68719477478|9895604650036|2012-04-23T23:46:20.563+0000
120259085032|9895604650036|2012-09-04T16:43:16.145+0000
17179869929|10995116277764|2011-11-30T06:40:39.533+0000
17179869929|5497558138885|2011-02-13T19:11:10.936+0000
17179869929|8796093022217|2011-07-16T19:33:17.530+0000
17179869929|3298534883350|2010-09-28T03:31:58.614+0000
17179869929|15393162788888|2012-07-13T04:27:23.373+0000
17179869929|7696581394461|2011-05-25T10:49:28.517+0000
17179869929|16492674416674|2012-09-14T21:21:30.740+0000
17179869929|13194139533352|2012-02-12T18:12:53.275+0000
17179869929|2199023255593|2010-07-30T22:43:36.769+0000
17179869929|7696581394474|2011-05-23T14:43:28.320+0000
17179869929|15393162788920|2012-06-30T03:35:27.759+0000
77309412074|10995116277764|2011-11-23T22:03:46.468+0000
77309412074|3298534883350|2011-10-07T11:52:55.887+0000
77309412074|16492674416674|2012-09-15T19:21:04.905+0000
77309412074|7696581394474|2011-10-19T07:15:42.067+0000
77309412074|2199023255633|2011-10-01T23:19:31.450+0000
42949673707|10995116277764|2011-11-22T02:40:46.491+0000
42949673707|5497558138885|2011-02-11T00:16:24.274+0000
42949673707|8796093022217|2011-08-05T15:47:03.002+0000
42949673707|12094627905550|2012-02-21T17:56:44.438+0000
42949673707|9895604650000|2011-09-30T21:30:46.476+0000
42949673707|12094627905563|2012-02-19T21:06:21.155+0000
42949673707|12094627905567|2012-01-13T16:47:55.085+0000
42949673707|7696581394474|2011-05-27T00:31:58.173+0000
42949673707|5497558138940|2011-01-30T21:38:06.434+0000
42949673707|3298534883392|2011-02-05T21:34:01.676+0000
42949673707|3298534883405|2011-02-05T09:03:01.647+0000
42949673707|12094627905628|2012-02-11T21:09:10.664+0000
51539608303|10995116277764|2012-10-07T22:30:29.943+0000
51539608303|5497558138885|2012-08-04T04:31:52.556+0000
51539608303|8796093022217|2011-08-15T22:34:51.938+0000
51539608303|9895604650000|2012-03-13T08:34:03.591+0000
51539608303|12094627905563|2012-05-26T14:19:58.268+0000
51539608303|7696581394474|2012-03-11T19:35:26.222+0000
51539608303|5497558138940|2012-04-05T18:25:46.433+0000
51539608303|3298534883405|2011-12-26T04:45:21.593+0000
68719477488|10995116277764|2012-09-21T12:22:53.762+0000
68719477488|5497558138885|2012-01-17T16:10:44.991+0000
68719477488|9895604650000|2011-12-19T04:46:18.232+0000
68719477488|12094627905567|2012-04-05T16:40:39.305+0000
68719477488|7696581394474|2011-11-07T07:25:05.388+0000
68719477488|5497558138940|2011-12-23T08:37:50.545+0000
68719477488|3298534883392|2012-02-02T02:16:53.443+0000
68719477488|3298534883405|2011-11-19T06:36:37.212+0000
68719477488|12094627905628|2012-09-17T07:23:59.938+0000
120259085041|10995116277764|2012-08-16T01:02:07.060+0000
120259085041|5497558138885|2012-08-07T14:52:16.119+0000
120259085041|8796093022217|2012-08-16T07:34:27.231+0000
120259085041|12094627905563|2012-09-30T17:50:31.810+0000
120259085041|12094627905567|2012-08-26T01:32:28.542+0000
120259085041|7696581394474|2012-07-26T01:56:28.675+0000
120259085041|3298534883405|2012-09-24T15:18:36.480+0000
120259085042|5497558138885|2012-10-17T01:16:09.802+0000
120259085042|8796093022217|2012-09-08T21:04:51.866+0000
120259085042|12094627905550|2012-08-24T22:11:30.504+0000
120259085042|12094627905563|2012-09-12T11:50:32.909+0000
120259085042|5497558138940|2012-07-25T09:21:59.883+0000
120259085042|3298534883392|2012-08-14T10:04:33.967+0000
120259085042|12094627905628|2012-08-20T06:18:37.649+0000
85899346675|5497558138885|2012-07-10T12:15:58.396+0000
85899346675|12094627905550|2012-03-09T07:28:06.534+0000
85899346675|12094627905563|2012-10-06T11:26:25.757+0000
85899346675|7696581394474|2012-05-30T01:20:36.643+0000
85899346675|5497558138940|2011-10-25T13:28:15.717+0000
111669150452|8796093022217|2012-09-07T15:18:36.650+0000
111669150452|7696581394474|2012-04-28T05:28:53.582+0000
111669150452|3298534883405|2012-05-27T09:50:24.554+0000
120259085045|10995116277764|2012-08-03T09:46:17.858+0000
120259085045|9895604650000|2012-09-26T22:38:58.051+0000
120259085045|7696581394474|2012-09-26T01:24:25.464+0000
120259085045|3298534883405|2012-07-03T06:43:22.641+0000
103079215862|10995116277764|2012-05-13T01:44:23.849+0000
103079215862|5497558138885|2012-06-15T19:50:42.692+0000
103079215862|8796093022217|2012-09-28T03:29:47.475+0000
103079215862|12094627905550|2012-06-09T14:58:35.753+0000
103079215862|12094627905563|2012-10-09T16:36:23.130+0000
103079215862|5497558138940|2012-05-27T11:33:27.999+0000
103079215862|3298534883405|2012-08-01T08:16:30.754+0000
77309412087|5497558138885|2011-09-27T00:56:39.387+0000
77309412087|12094627905567|2012-02-29T21:49:56.689+0000
77309412087|7696581394474|2012-09-23T16:41:10.612+0000
77309412087|3298534883392|2011-12-05T00:37:04.104+0000
77309412087|3298534883405|2012-02-23T12:46:52.945+0000
120259085048|12094627905567|2012-08-27T02:08:46.370+0000
120259085048|7696581394474|2012-09-24T19:53:07.736+0000
111669150457|10995116277764|2012-07-20T21:01:25.188+0000
111669150457|5497558138940|2012-06-11T11:50:27.693+0000
111669150457|3298534883392|2012-08-13T08:32:56.424+0000
111669150457|12094627905628|2012-08-28T18:19:30.488+0000
85899346684|10995116277764|2012-07-23T08:18:09.794+0000
85899346684|8796093022217|2012-09-14T21:44:03.998+0000
85899346684|12094627905550|2012-03-27T04:10:05.246+0000
85899346684|12094627905567|2012-10-03T12:49:26.305+0000
85899346684|7696581394474|2012-10-10T20:14:40.288+0000
85899346684|3298534883405|2011-11-27T12:16:49.090+0000
120259085053|12094627905550|2012-09-07T06:57:51.563+0000
120259085053|12094627905628|2012-09-15T22:09:33.875+0000
111669150462|5497558138885|2012-08-01T12:51:44.045+0000
111669150462|8796093022217|2012-10-04T20:14:30.149+0000
111669150462|12094627905550|2012-06-22T11:50:19.085+0000
111669150462|9895604650000|2012-09-12T17:08:06.159+0000
111669150462|12094627905567|2012-08-03T07:08:29.263+0000
111669150462|7696581394474|2012-10-16T16:43:04.807+0000
111669150462|5497558138940|2012-09-27T05:12:41.949+0000
111669150462|3298534883392|2012-07-20T09:04:17.502+0000
111669150462|12094627905628|2012-09-22T19:48:42.337+0000
42949673727|5497558138885|2012-05-05T18:52:45.838+0000
42949673727|8796093022217|2012-09-21T15:00:57.907+0000
42949673727|12094627905550|2012-05-17T02:27:58.220+0000
42949673727|9895604650000|2012-07-19T12:27:41.154+0000
42949673727|12094627905563|2012-10-05T05:00:07.488+0000
42949673727|12094627905567|2012-10-12T05:31:53.529+0000
42949673727|5497558138940|2011-09-05T01:00:04.334+0000
42949673727|3298534883392|2012-04-24T08:32:05.131+0000
42949673727|3298534883405|2011-03-12T01:24:38.266+0000
42949673727|12094627905628|2012-05-13T03:11:20.118+0000
120259085056|12094627905550|2012-10-07T21:14:14.872+0000
120259085056|5497558138940|2012-07-20T04:54:13.061+0000
120259085056|3298534883392|2012-09-11T13:48:28.381+0000
120259085056|12094627905628|2012-09-10T09:15:49.016+0000
77309412097|5497558138885|2011-10-25T08:03:19.590+0000
77309412097|8796093022217|2012-10-03T17:25:56.078+0000
77309412097|9895604650000|2012-05-12T05:00:02.879+0000
77309412097|7696581394474|2011-12-20T07:07:32.334+0000
77309412097|3298534883405|2011-12-10T09:35:30.376+0000
77309412097|12094627905628|2012-05-18T12:17:34.962+0000
85899346691|8796093022217|2012-07-30T02:04:48.112+0000
85899346691|9895604650000|2011-12-17T03:04:13.441+0000
85899346691|12094627905563|2012-04-22T00:22:58.933+0000
85899346691|3298534883405|2012-09-16T15:56:23.410+0000
51539608324|10995116277764|2012-08-09T04:17:08.750+0000
51539608324|5497558138885|2011-10-07T04:19:51.281+0000
51539608324|8796093022217|2012-10-19T20:50:59.878+0000
51539608324|9895604650000|2012-01-26T04:25:20.862+0000
51539608324|12094627905563|2012-09-14T01:34:07.387+0000
51539608324|12094627905567|2012-10-07T17:19:47.060+0000
51539608324|7696581394474|2012-05-27T03:20:23.785+0000
51539608324|5497558138940|2012-03-06T16:45:35.011+0000
51539608324|3298534883405|2012-05-09T20:33:16.403+0000
51539608324|12094627905628|2012-05-27T21:10:50.482+0000
68719477509|8796093022217|2011-08-13T01:15:17.883+0000
68719477509|16492674416674|2012-09-18T21:55:19.813+0000
68719477509|13194139533352|2012-02-23T18:11:01.814+0000
68719477509|3298534883405|2011-08-29T08:26:03.037+0000
77309412103|13194139533352|2012-06-10T15:33:23.380+0000
77309412104|8796093022217|2012-02-15T19:51:00.571+0000
77309412104|13194139533352|2012-09-12T01:54:07.731+0000
111669150473|16492674416674|2012-10-07T21:35:49.451+0000
111669150473|3298534883405|2012-07-20T06:25:31.542+0000
85899346699|16492674416674|2012-10-02T07:46:45.408+0000
85899346699|3298534883405|2012-10-03T04:04:27.682+0000
103079215884|16492674416674|2012-10-13T09:45:57.434+0000
85899346701|8796093022217|2011-12-06T13:00:27.303+0000
85899346701|13194139533352|2012-02-28T11:17:25.519+0000
85899346701|3298534883405|2012-02-11T06:01:05.254+0000
111669150478|13194139533352|2012-07-21T08:23:25.012+0000
103079215887|8796093022217|2012-05-23T03:39:34.394+0000
128849019665|3298534883405|2012-09-08T16:56:25.900+0000
77309412114|13194139533352|2012-03-12T01:07:32.684+0000
77309412114|3298534883405|2011-09-08T01:23:44.418+0000
103079215891|13194139533352|2012-06-28T05:46:48.009+0000
103079215891|3298534883405|2012-08-09T06:03:25.711+0000
103079215894|13194139533352|2012-05-16T13:07:53.742+0000
103079215894|3298534883405|2012-08-09T23:31:49.625+0000
128849019672|5497558138885|2012-10-19T17:13:33.272+0000
128849019672|8796093022217|2012-10-16T10:03:43.321+0000
128849019672|2199023255593|2012-10-03T04:00:06.291+0000
128849019672|15393162788920|2012-10-14T05:55:53.923+0000
128849019672|10995116277826|2012-10-01T01:32:01.607+0000
128849019675|2199023255593|2012-10-10T03:08:40.515+0000
68719477533|10995116277764|2011-11-26T21:05:04.263+0000
68719477533|15393162788888|2012-07-16T01:36:35.637+0000
68719477533|16492674416674|2012-09-25T17:48:33.115+0000
68719477533|13194139533352|2012-02-20T22:06:39.192+0000
68719477533|7696581394474|2011-07-01T09:58:25.993+0000
68719477533|10995116277826|2011-10-20T07:26:47.809+0000
68719477533|7696581394520|2011-07-23T19:05:35.657+0000
68719477533|94|2011-07-19T15:47:27.382+0000
68719477534|15393162788888|2012-09-07T12:27:07.317+0000
68719477534|94|2012-07-09T08:25:14.054+0000
103079215903|7696581394474|2012-08-07T03:15:35.020+0000
103079215903|10995116277826|2012-05-07T07:28:52.955+0000
103079215903|7696581394520|2012-05-12T06:59:17.395+0000
128849019680|7696581394520|2012-10-12T11:39:08.180+0000
94489281313|16492674416674|2012-10-15T22:32:27.591+0000
94489281313|10995116277826|2012-02-05T15:31:40.048+0000
94489281313|94|2012-04-29T12:04:48.484+0000
120259085090|10995116277764|2012-09-21T09:05:19.223+0000
120259085090|15393162788888|2012-07-31T20:06:38.437+0000
120259085090|16492674416674|2012-10-03T16:23:54.233+0000
120259085090|10995116277826|2012-08-14T12:25:52.617+0000
120259085090|7696581394520|2012-10-09T02:56:22.703+0000
120259085090|94|2012-07-15T22:44:14.646+0000
128849019683|10995116277826|2012-09-01T18:31:44.735+0000
85899346724|13194139533352|2012-09-16T04:22:15.091+0000
85899346724|7696581394474|2012-09-13T23:09:59.800+0000
85899346724|10995116277826|2012-03-03T06:47:11.915+0000
85899346724|94|2012-01-31T11:00:34.764+0000
77309412133|10995116277764|2012-08-02T21:59:32.041+0000
111669150502|7696581394520|2012-09-11T09:08:26.721+0000
103079215911|10995116277764|2012-09-19T21:15:56.019+0000
103079215911|13194139533352|2012-07-27T04:08:32.465+0000
103079215911|7696581394520|2012-09-14T17:27:32.582+0000
77309412137|10995116277764|2012-03-29T11:32:39.538+0000
77309412137|13194139533352|2012-04-03T16:57:16.329+0000
77309412137|10995116277826|2012-08-10T07:19:25.495+0000
77309412137|7696581394520|2012-03-03T08:22:11.270+0000
68719477546|15393162788888|2012-09-06T12:29:21.185+0000
68719477546|13194139533352|2012-05-21T12:40:53.458+0000
68719477546|7696581394520|2012-04-16T18:12:22.867+0000
68719477546|94|2011-09-04T03:15:17.812+0000
128849019691|10995116277764|2012-10-06T15:23:14.671+0000
128849019691|15393162788888|2012-10-13T07:04:00.748+0000
128849019691|10995116277826|2012-09-18T03:27:47.077+0000
77309412141|15393162788888|2012-08-07T20:56:01.014+0000
77309412141|13194139533352|2012-04-29T12:39:03.662+0000
77309412141|7696581394474|2011-09-08T06:59:33.520+0000
77309412141|10995116277826|2012-07-17T16:21:05.560+0000
103079215918|13194139533352|2012-03-28T06:25:12.327+0000
103079215918|7696581394474|2012-08-05T04:53:17.929+0000
111669150512|10995116277764|2012-06-29T09:55:11.651+0000
111669150512|13194139533352|2012-08-22T09:05:06.271+0000
111669150512|7696581394520|2012-05-17T15:16:00.772+0000
111669150512|94|2012-10-16T16:27:17.130+0000
8589935409|16492674416674|2012-09-19T04:54:58.545+0000
8589935409|7696581394474|2011-06-10T20:09:38.224+0000
94489281331|7696581394474|2012-05-27T16:16:40.353+0000
128849019700|16492674416674|2012-10-16T21:41:38.235+0000
111669150519|16492674416674|2012-09-28T19:17:16.549+0000
77309412152|16492674416674|2012-09-19T13:55:04.313+0000
85899346745|7696581394474|2012-02-29T22:52:04.996+0000
120259085114|7696581394474|2012-08-12T20:07:03.298+0000
25769804603|7696581394474|2012-02-05T12:27:09.847+0000
77309412156|7696581394474|2012-01-10T13:34:58.111+0000
77309412157|16492674416674|2012-10-05T20:57:57.067+0000
60129542974|7696581394474|2011-11-08T20:21:03.160+0000
103079215935|16492674416674|2012-10-19T17:54:36.964+0000
103079215935|7696581394474|2012-04-21T19:20:25.812+0000
103079215936|7696581394474|2012-05-25T19:43:45.110+0000
77309412162|7696581394474|2012-05-27T16:50:09.275+0000
51539608387|16492674416674|2012-09-23T18:06:34.049+0000
68719477573|7696581394474|2012-10-13T21:45:09.418+0000
94489281350|7696581394474|2012-09-25T02:02:43.194+0000
51539608391|7696581394474|2012-01-23T03:27:20.526+0000
111669150536|16492674416674|2012-09-24T03:22:33.977+0000
34359739210|7696581394474|2012-09-10T19:51:18.299+0000
34359739212|16492674416674|2012-09-24T02:22:01.074+0000
85899346765|7696581394474|2012-06-09T03:03:55.030+0000
25769804622|7696581394474|2011-07-28T16:37:40.680+0000
34359739215|7696581394474|2012-10-05T08:34:17.891+0000
85899346769|16492674416674|2012-10-13T04:36:54.815+0000
85899346769|7696581394474|2012-03-04T13:12:42.937+0000
51539608403|15393162788888|2012-07-10T05:02:55.079+0000
51539608403|16492674416674|2012-09-29T22:22:18.313+0000
51539608403|13194139533352|2012-02-14T18:17:55.068+0000
51539608403|9895604650036|2011-09-19T20:07:52.051+0000
51539608403|5497558138940|2011-03-28T12:48:33.171+0000
51539608403|3298534883392|2011-04-14T08:56:16.475+0000
51539608403|2199023255633|2011-04-11T20:53:30.689+0000
120259085140|10995116277764|2012-07-29T01:05:00.274+0000
120259085140|16492674416674|2012-09-26T18:26:57.330+0000
128849019733|8796093022217|2012-09-14T09:12:37.259+0000
128849019733|2199023255625|2012-09-11T04:07:25.731+0000
77309412213|3298534883350|2011-09-20T05:41:58.554+0000
77309412213|5497558138908|2011-09-30T21:30:46.476+0000
77309412213|2199023255593|2011-09-18T18:32:20.750+0000
77309412213|9895604650036|2011-09-30T06:49:58.845+0000
77309412214|9895604650036|2011-09-09T17:39:21.910+0000
77309412214|2199023255625|2011-09-15T05:28:33.616+0000
85899346807|2199023255625|2011-10-31T00:02:58.495+0000
111669150586|9895604650036|2012-05-22T19:15:32.290+0000
111669150586|2199023255625|2012-09-07T03:48:54.934+0000
120259085179|9895604650036|2012-10-08T09:26:32.420+0000
94489281407|2199023255625|2012-05-18T06:24:08.578+0000
94489281408|9895604650036|2012-07-05T05:01:51.341+0000
103079216001|2199023255625|2012-06-06T02:27:19.593+0000
103079216003|9895604650036|2012-10-12T18:50:17.940+0000
94489281412|9895604650036|2012-03-06T16:39:18.146+0000
60129543048|8796093022217|2011-08-07T08:49:30.755+0000
60129543048|3298534883350|2011-05-17T23:10:07.266+0000
60129543048|7696581394474|2011-05-28T15:11:29.648+0000
60129543048|10995116277826|2011-11-02T10:47:09.205+0000
60129543048|17592186044483|2012-10-14T12:47:53.822+0000
60129543048|2199023255628|2011-05-25T10:49:28.517+0000
60129543048|3298534883405|2011-05-09T05:20:26.396+0000
128849019785|10995116277764|2012-09-16T03:03:06.475+0000
128849019785|13194139533324|2012-09-13T21:24:39.405+0000
128849019785|9895604650002|2012-09-15T19:21:04.905+0000
128849019785|3298534883350|2012-09-06T12:59:01.761+0000
128849019785|6597069766688|2012-09-29T22:22:18.313+0000
128849019785|13194139533350|2012-10-01T16:08:25.137+0000
128849019785|13194139533352|2012-09-30T09:32:22.210+0000
128849019785|7696581394474|2012-10-05T23:17:13.333+0000
128849019785|8796093022251|2012-09-25T17:48:33.115+0000
128849019785|8796093022253|2012-09-18T21:55:19.813+0000
128849019785|7696581394479|2012-10-01T17:32:19.645+0000
128849019785|3298534883392|2012-09-06T09:10:13.299+0000
128849019785|14293651161159|2012-10-03T21:11:37.942+0000
128849019785|2199023255628|2012-09-14T21:21:30.740+0000
128849019785|2199023255633|2012-09-16T10:30:14.970+0000
128849019785|15393162788948|2012-09-26T18:26:57.330+0000
128849019785|1099511627861|2012-09-19T04:54:58.545+0000
128849019785|13194139533405|2012-09-22T00:43:55.414+0000
25769804685|8796093022217|2011-08-08T16:15:41.660+0000
25769804685|94|2010-10-17T02:09:48.887+0000
34359739279|94|2011-08-04T23:56:51.933+0000
68719477648|8796093022217|2012-01-16T20:47:33.274+0000
77309412241|94|2012-07-23T16:54:56.944+0000
42949673874|8796093022217|2012-07-14T22:49:15.324+0000
42949673874|94|2012-09-06T00:38:57.605+0000
68719477651|8796093022217|2011-08-16T15:37:38.910+0000
68719477651|94|2012-08-21T03:09:05.373+0000
51539608468|8796093022217|2011-11-05T02:20:54.203+0000
42949673877|8796093022217|2012-07-10T01:48:30.394+0000
42949673877|94|2012-05-20T20:02:37.354+0000
51539608471|8796093022217|2011-11-22T17:23:52.467+0000
51539608471|94|2012-02-24T23:42:30.678+0000
94489281433|8796093022217|2012-01-30T10:49:53.388+0000
94489281433|94|2012-07-20T11:01:37.843+0000
42949673883|8796093022217|2011-09-24T00:15:27.078+0000
42949673883|94|2011-05-31T09:52:16.073+0000
111669150620|94|2012-08-01T22:59:03.482+0000
111669150621|94|2012-09-10T20:58:36.468+0000
85899346846|94|2011-11-26T13:26:03.267+0000
128849019810|94|2012-09-29T04:51:27.529+0000
60129543075|8796093022217|2012-03-18T21:57:57.824+0000
60129543075|94|2011-12-12T22:14:56.579+0000
77309412260|8796093022217|2011-10-16T07:00:43.178+0000
51539608485|94|2012-06-30T01:10:29.923+0000
