id|title|creationDate|moderator
94489280512|Wall of Mirza Kalich Ali|2012-02-04T06:38:09.956+0000|12094627905604
128849018881|Album 0 of Mirza Kalich Ali|2012-08-11T12:39:39.884+0000|12094627905604
128849018882|Album 1 of Mirza Kalich Ali|2012-09-29T01:17:10.683+0000|12094627905604
128849018883|Album 2 of Mirza Kalich Ali|2012-08-17T02:13:26.683+0000|12094627905604
94489280516|Album 3 of Mirza Kalich Ali|2012-02-04T08:20:51.412+0000|12094627905604
111669149702|Album 5 of Mirza Kalich Ali|2012-06-04T21:55:37.391+0000|12094627905604
111669149704|Album 7 of Mirza Kalich Ali|2012-05-05T03:20:49.628+0000|12094627905604
120259084299|Album 10 of Mirza Kalich Ali|2012-07-04T20:15:17.384+0000|12094627905604
120259084300|Album 11 of Mirza Kalich Ali|2012-07-30T01:59:04.194+0000|12094627905604
17179869197|Wall of Cheng Chen|2010-07-12T15:33:54.057+0000|2199023255625
17179869198|Wall of Adje van den Berg Vries|2010-07-14T22:01:31.407+0000|2199023255600
128849018895|Wall of Ali Ferrer|2012-08-26T07:34:19.342+0000|16492674416673
17179869200|Wall of Chen Yang|2010-07-24T07:48:45.041+0000|2199023255611
85899345937|Album 0 of Chen Yang|2011-10-23T04:25:34.423+0000|2199023255611
68719476754|Album 1 of Chen Yang|2011-06-17T07:05:12.771+0000|2199023255611
60129542163|Album 2 of Chen Yang|2011-04-21T16:58:40.831+0000|2199023255611
77309411348|Album 3 of Chen Yang|2011-08-23T07:26:01.405+0000|2199023255611
51539607573|Album 4 of Chen Yang|2011-02-05T22:20:17.790+0000|2199023255611
103079215126|Album 5 of Chen Yang|2012-04-03T03:06:54.496+0000|2199023255611
120259084311|Album 6 of Chen Yang|2012-08-08T11:34:54.865+0000|2199023255611
77309411352|Album 7 of Chen Yang|2011-09-09T15:37:49.649+0000|2199023255611
34359738394|Album 9 of Chen Yang|2010-10-26T00:47:28.336+0000|2199023255611
103079215131|Album 10 of Chen Yang|2012-03-30T17:48:47.543+0000|2199023255611
25769803804|Album 11 of Chen Yang|2010-08-29T10:57:40.327+0000|2199023255611
68719476766|Album 13 of Chen Yang|2011-07-26T22:43:54.233+0000|2199023255611
85899345952|Album 15 of Chen Yang|2011-10-14T16:19:37.914+0000|2199023255611
103079215137|Album 16 of Chen Yang|2012-03-10T21:52:03.786+0000|2199023255611
60129542178|Album 17 of Chen Yang|2011-05-10T08:14:00.914+0000|2199023255611
111669149731|Album 18 of Chen Yang|2012-06-01T23:57:18.294+0000|2199023255611
111669149732|Album 19 of Chen Yang|2012-04-11T11:39:31.101+0000|2199023255611
77309411365|Album 20 of Chen Yang|2011-08-09T06:36:36.291+0000|2199023255611
128849018918|Album 21 of Chen Yang|2012-09-11T02:11:20.272+0000|2199023255611
77309411367|Album 22 of Chen Yang|2011-08-22T20:42:55.278+0000|2199023255611
42949673000|Album 23 of Chen Yang|2010-12-10T13:50:40.172+0000|2199023255611
51539607593|Album 24 of Chen Yang|2011-02-07T20:41:29.528+0000|2199023255611
103079215146|Album 25 of Chen Yang|2012-03-17T22:46:13.162+0000|2199023255611
34359738411|Album 26 of Chen Yang|2010-10-08T11:46:49.642+0000|2199023255611
42949673004|Album 27 of Chen Yang|2011-01-03T01:38:59.006+0000|2199023255611
103079215149|Album 28 of Chen Yang|2012-03-12T14:32:25.569+0000|2199023255611
77309411374|Album 29 of Chen Yang|2011-08-10T20:00:23.038+0000|2199023255611
103079215151|Wall of Celso Oliveira|2012-02-10T04:38:31.900+0000|13194139533352
120259084336|Album 0 of Celso Oliveira|2012-07-10T02:20:55.636+0000|13194139533352
120259084338|Album 2 of Celso Oliveira|2012-07-25T09:24:57.142+0000|13194139533352
111669149747|Album 3 of Celso Oliveira|2012-04-15T08:55:06.999+0000|13194139533352
120259084341|Album 5 of Celso Oliveira|2012-07-11T13:41:35.390+0000|13194139533352
103079215158|Album 6 of Celso Oliveira|2012-03-31T18:46:09.065+0000|13194139533352
111669149752|Album 8 of Celso Oliveira|2012-05-27T05:42:42.261+0000|13194139533352
120259084345|Album 9 of Celso Oliveira|2012-06-19T11:35:19.753+0000|13194139533352
120259084346|Album 10 of Celso Oliveira|2012-07-25T23:46:48.649+0000|13194139533352
25769803835|Wall of Fritz Engel|2010-08-07T11:14:34.113+0000|3298534883391
111669149756|Album 0 of Fritz Engel|2012-05-29T21:48:11.907+0000|3298534883391
25769803837|Album 1 of Fritz Engel|2010-09-17T04:35:02.171+0000|3298534883391
34359738430|Album 2 of Fritz Engel|2010-11-19T10:54:04.341+0000|3298534883391
68719476799|Album 3 of Fritz Engel|2011-06-14T02:25:37.326+0000|3298534883391
120259084352|Album 4 of Fritz Engel|2012-06-17T15:38:35.314+0000|3298534883391
85899345985|Album 5 of Fritz Engel|2011-11-02T04:53:32.111+0000|3298534883391
25769803842|Album 6 of Fritz Engel|2010-09-16T04:10:01.984+0000|3298534883391
60129542211|Album 7 of Fritz Engel|2011-04-26T10:46:33.227+0000|3298534883391
128849018948|Album 8 of Fritz Engel|2012-09-28T11:50:33.298+0000|3298534883391
34359738437|Album 9 of Fritz Engel|2010-12-05T06:51:05.186+0000|3298534883391
120259084358|Album 10 of Fritz Engel|2012-07-20T12:06:16.734+0000|3298534883391
94489280583|Album 11 of Fritz Engel|2011-12-14T20:20:24.686+0000|3298534883391
128849018952|Album 12 of Fritz Engel|2012-08-20T13:48:40.026+0000|3298534883391
34359738441|Album 13 of Fritz Engel|2010-11-02T17:20:54.556+0000|3298534883391
42949673034|Album 14 of Fritz Engel|2010-12-21T09:02:19.113+0000|3298534883391
60129542219|Album 15 of Fritz Engel|2011-05-18T07:03:29.824+0000|3298534883391
68719476812|Album 16 of Fritz Engel|2011-07-02T09:47:41.905+0000|3298534883391
103079215181|Album 17 of Fritz Engel|2012-02-22T03:43:44.013+0000|3298534883391
137438953550|Album 18 of Fritz Engel|2012-10-14T15:48:32.042+0000|3298534883391
128849018959|Album 19 of Fritz Engel|2012-09-29T08:53:25.074+0000|3298534883391
42949673040|Album 20 of Fritz Engel|2011-01-19T23:28:01.471+0000|3298534883391
120259084369|Album 21 of Fritz Engel|2012-08-02T14:32:08.388+0000|3298534883391
94489280595|Album 23 of Fritz Engel|2012-02-06T13:32:14.326+0000|3298534883391
128849018964|Album 24 of Fritz Engel|2012-09-26T12:54:19.609+0000|3298534883391
85899346005|Album 25 of Fritz Engel|2011-11-14T18:29:39.571+0000|3298534883391
68719476822|Album 26 of Fritz Engel|2011-08-01T22:25:45.794+0000|3298534883391
60129542231|Album 27 of Fritz Engel|2011-06-06T05:05:29.208+0000|3298534883391
94489280601|Album 29 of Fritz Engel|2011-12-17T15:18:17.743+0000|3298534883391
42949673050|Wall of Alejandro Rodriguez|2011-01-22T05:55:03.357+0000|5497558138966
51539607643|Album 0 of Alejandro Rodriguez|2011-03-24T11:03:21.683+0000|5497558138966
68719476828|Album 1 of Alejandro Rodriguez|2011-06-09T19:31:59.750+0000|5497558138966
85899346013|Album 2 of Alejandro Rodriguez|2011-11-26T14:46:07.024+0000|5497558138966
60129542238|Album 3 of Alejandro Rodriguez|2011-04-18T12:35:46.033+0000|5497558138966
60129542239|Album 4 of Alejandro Rodriguez|2011-06-05T05:11:39.672+0000|5497558138966
111669149792|Album 5 of Alejandro Rodriguez|2012-05-24T20:58:25.128+0000|5497558138966
60129542241|Album 6 of Alejandro Rodriguez|2011-05-19T09:55:32.028+0000|5497558138966
120259084387|Album 8 of Alejandro Rodriguez|2012-07-27T21:48:45.490+0000|5497558138966
94489280612|Album 9 of Alejandro Rodriguez|2012-01-17T20:10:40.911+0000|5497558138966
94489280614|Album 11 of Alejandro Rodriguez|2012-01-02T17:29:57.721+0000|5497558138966
94489280615|Album 12 of Alejandro Rodriguez|2011-12-15T07:52:23.351+0000|5497558138966
94489280616|Album 13 of Alejandro Rodriguez|2012-01-31T05:00:36.307+0000|5497558138966
42949673065|Album 14 of Alejandro Rodriguez|2011-01-23T12:23:44.984+0000|5497558138966
42949673066|Album 15 of Alejandro Rodriguez|2011-01-25T07:02:58.666+0000|5497558138966
94489280619|Album 16 of Alejandro Rodriguez|2011-12-22T07:19:09.928+0000|5497558138966
120259084396|Album 17 of Alejandro Rodriguez|2012-06-29T02:43:09.040+0000|5497558138966
137438953582|Album 19 of Alejandro Rodriguez|2012-10-13T07:19:37.912+0000|5497558138966
60129542255|Album 20 of Alejandro Rodriguez|2011-05-03T01:22:37.672+0000|5497558138966
94489280624|Album 21 of Alejandro Rodriguez|2012-02-05T12:18:17.957+0000|5497558138966
77309411441|Album 22 of Alejandro Rodriguez|2011-08-13T21:29:24.938+0000|5497558138966
68719476850|Album 23 of Alejandro Rodriguez|2011-07-04T10:33:55.869+0000|5497558138966
111669149811|Wall of Albaye Papa Diouf|2012-05-14T21:40:05.345+0000|14293651161159
17179869300|Wall of Adrian Bravo|2010-08-02T14:43:54.932+0000|2199023255633
25769803893|Album 0 of Adrian Bravo|2010-09-24T14:26:06.574+0000|2199023255633
34359738486|Album 1 of Adrian Bravo|2010-12-04T18:31:54.950+0000|2199023255633
68719476855|Album 2 of Adrian Bravo|2011-07-30T05:44:38.439+0000|2199023255633
34359738488|Album 3 of Adrian Bravo|2010-10-24T15:41:14.733+0000|2199023255633
94489280633|Album 4 of Adrian Bravo|2012-01-11T16:43:14.783+0000|2199023255633
42949673082|Album 5 of Adrian Bravo|2011-01-16T03:46:37.109+0000|2199023255633
111669149819|Album 6 of Adrian Bravo|2012-04-29T23:52:42.345+0000|2199023255633
25769803900|Album 7 of Adrian Bravo|2010-08-14T20:47:43.808+0000|2199023255633
34359738493|Album 8 of Adrian Bravo|2010-10-06T22:57:35.021+0000|2199023255633
111669149822|Album 9 of Adrian Bravo|2012-04-19T20:27:39.136+0000|2199023255633
128849019007|Album 10 of Adrian Bravo|2012-10-05T04:50:21.194+0000|2199023255633
34359738496|Album 11 of Adrian Bravo|2010-10-20T06:07:09.628+0000|2199023255633
111669149825|Album 12 of Adrian Bravo|2012-06-02T13:22:25.530+0000|2199023255633
85899346050|Album 13 of Adrian Bravo|2011-10-13T11:43:22.526+0000|2199023255633
120259084419|Album 14 of Adrian Bravo|2012-08-02T19:17:52.704+0000|2199023255633
128849019012|Album 15 of Adrian Bravo|2012-08-19T11:31:13.303+0000|2199023255633
42949673093|Album 16 of Adrian Bravo|2010-12-13T21:14:17.537+0000|2199023255633
111669149830|Album 17 of Adrian Bravo|2012-06-10T13:27:04.500+0000|2199023255633
68719476871|Album 18 of Adrian Bravo|2011-06-17T03:50:28.423+0000|2199023255633
42949673096|Album 19 of Adrian Bravo|2010-12-25T02:03:11.953+0000|2199023255633
120259084425|Album 20 of Adrian Bravo|2012-06-24T23:41:23.977+0000|2199023255633
128849019018|Album 21 of Adrian Bravo|2012-08-13T22:29:01.139+0000|2199023255633
103079215243|Album 22 of Adrian Bravo|2012-03-29T01:59:27.734+0000|2199023255633
103079215244|Album 23 of Adrian Bravo|2012-02-29T08:34:09.730+0000|2199023255633
77309411469|Album 24 of Adrian Bravo|2011-09-15T05:20:23.593+0000|2199023255633
120259084430|Album 25 of Adrian Bravo|2012-06-17T23:35:12.930+0000|2199023255633
85899346063|Album 26 of Adrian Bravo|2011-10-30T12:30:13.938+0000|2199023255633
111669149840|Album 27 of Adrian Bravo|2012-05-12T14:16:40.959+0000|2199023255633
128849019025|Album 28 of Adrian Bravo|2012-09-28T11:46:02.587+0000|2199023255633
77309411474|Album 29 of Adrian Bravo|2011-09-13T03:29:18.660+0000|2199023255633
103079215251|Wall of Joakim Larsson|2012-03-28T12:03:30.835+0000|13194139533342
17179869332|Wall of Mehmet Koksal|2010-07-28T13:31:58.618+0000|2199023255565
120259084437|Wall of Alejandro Garcia|2012-07-16T06:24:36.645+0000|15393162788910
25769803926|Wall of Luis Alonso|2010-09-29T22:17:57.667+0000|3298534883383
94489280663|Wall of Alexei Kahnovich|2012-01-10T13:46:41.030+0000|12094627905580
77309411481|Wall of Luigi Colombo|2011-08-19T05:51:19.287+0000|9895604650009
94489280666|Wall of Wojciech Ciesla|2012-02-01T14:38:23.105+0000|12094627905563
60129542300|Wall of Evangelos Alkaios|2011-05-25T03:08:27.816+0000|7696581394433
68719476894|Album 1 of Evangelos Alkaios|2011-07-16T10:19:36.880+0000|7696581394433
111669149855|Album 2 of Evangelos Alkaios|2012-05-14T13:06:20.637+0000|7696581394433
128849019041|Album 4 of Evangelos Alkaios|2012-08-15T10:45:56.087+0000|7696581394433
68719476898|Album 5 of Evangelos Alkaios|2011-06-09T10:49:59.815+0000|7696581394433
94489280675|Album 6 of Evangelos Alkaios|2012-01-09T07:44:05.480+0000|7696581394433
77309411493|Album 8 of Evangelos Alkaios|2011-10-03T17:05:03.011+0000|7696581394433
120259084454|Album 9 of Evangelos Alkaios|2012-07-17T14:51:02.697+0000|7696581394433
94489280679|Album 10 of Evangelos Alkaios|2012-01-18T14:12:56.661+0000|7696581394433
77309411496|Album 11 of Evangelos Alkaios|2011-08-21T08:21:47.635+0000|7696581394433
111669149865|Album 12 of Evangelos Alkaios|2012-05-22T02:48:11.388+0000|7696581394433
120259084459|Album 14 of Evangelos Alkaios|2012-08-08T17:03:09.487+0000|7696581394433
94489280684|Album 15 of Evangelos Alkaios|2012-01-21T13:36:38.933+0000|7696581394433
68719476909|Album 16 of Evangelos Alkaios|2011-07-09T01:09:15.044+0000|7696581394433
77309411502|Album 17 of Evangelos Alkaios|2011-09-30T12:54:11.600+0000|7696581394433
77309411503|Album 18 of Evangelos Alkaios|2011-08-29T19:53:43.938+0000|7696581394433
128849019056|Album 19 of Evangelos Alkaios|2012-08-31T23:24:01.957+0000|7696581394433
85899346097|Wall of Zhi Zhang|2011-11-25T09:43:24.196+0000|10995116277857
120259084466|Wall of Otto Redl|2012-06-19T22:01:36.795+0000|15393162788920
120259084467|Album 0 of Otto Redl|2012-07-14T17:45:49.711+0000|15393162788920
120259084470|Album 3 of Otto Redl|2012-07-05T13:03:56.679+0000|15393162788920
137438953655|Album 4 of Otto Redl|2012-10-12T21:14:33.279+0000|15393162788920
137438953656|Album 5 of Otto Redl|2012-10-14T04:53:15.475+0000|15393162788920
187|Wall of Anson Chen|2010-02-17T11:10:37.592+0000|96
25769803964|Wall of Aleksandr Efimkin|2010-09-20T03:09:08.159+0000|3298534883331
60129542333|Album 0 of Aleksandr Efimkin|2011-05-27T11:23:09.153+0000|3298534883331
85899346110|Album 1 of Aleksandr Efimkin|2011-11-25T23:08:41.912+0000|3298534883331
94489280703|Album 2 of Aleksandr Efimkin|2012-02-01T09:06:11.396+0000|3298534883331
103079215296|Album 3 of Aleksandr Efimkin|2012-02-27T16:45:04.179+0000|3298534883331
77309411521|Album 4 of Aleksandr Efimkin|2011-08-22T13:13:58.167+0000|3298534883331
68719476930|Album 5 of Aleksandr Efimkin|2011-07-27T06:41:37.460+0000|3298534883331
85899346115|Album 6 of Aleksandr Efimkin|2011-11-30T08:06:00.460+0000|3298534883331
51539607748|Album 7 of Aleksandr Efimkin|2011-03-12T10:25:50.986+0000|3298534883331
77309411525|Album 8 of Aleksandr Efimkin|2011-09-29T11:15:54.038+0000|3298534883331
85899346118|Album 9 of Aleksandr Efimkin|2011-11-25T22:38:15.326+0000|3298534883331
103079215303|Album 10 of Aleksandr Efimkin|2012-03-24T07:21:36.004+0000|3298534883331
94489280712|Album 11 of Aleksandr Efimkin|2012-01-06T19:16:49.231+0000|3298534883331
60129542345|Album 12 of Aleksandr Efimkin|2011-05-07T11:34:14.821+0000|3298534883331
68719476938|Album 13 of Aleksandr Efimkin|2011-06-30T15:21:07.901+0000|3298534883331
42949673163|Album 14 of Aleksandr Efimkin|2011-01-16T17:32:42.608+0000|3298534883331
94489280716|Album 15 of Aleksandr Efimkin|2012-02-04T15:33:55.309+0000|3298534883331
94489280717|Album 16 of Aleksandr Efimkin|2012-02-02T22:58:01.744+0000|3298534883331
77309411534|Album 17 of Aleksandr Efimkin|2011-08-31T22:55:46.253+0000|3298534883331
60129542352|Album 19 of Aleksandr Efimkin|2011-06-03T14:36:34.637+0000|3298534883331
68719476945|Album 20 of Aleksandr Efimkin|2011-06-30T07:31:41.105+0000|3298534883331
51539607762|Album 21 of Aleksandr Efimkin|2011-02-22T19:17:52.431+0000|3298534883331
60129542355|Album 22 of Aleksandr Efimkin|2011-05-08T08:36:56.595+0000|3298534883331
25769803988|Album 23 of Aleksandr Efimkin|2010-09-27T19:29:47.503+0000|3298534883331
42949673173|Album 24 of Aleksandr Efimkin|2011-01-09T18:28:09.469+0000|3298534883331
34359738584|Album 27 of Aleksandr Efimkin|2010-11-20T04:49:07.289+0000|3298534883331
85899346137|Wall of Oleg Bazayev|2011-11-24T04:18:42.796+0000|10995116277811
128849019098|Album 0 of Oleg Bazayev|2012-10-04T13:50:29.741+0000|10995116277811
94489280731|Album 1 of Oleg Bazayev|2011-12-12T00:11:52.800+0000|10995116277811
120259084508|Album 2 of Oleg Bazayev|2012-07-30T21:59:27.990+0000|10995116277811
111669149917|Album 3 of Oleg Bazayev|2012-05-09T18:00:59.548+0000|10995116277811
128849019102|Album 4 of Oleg Bazayev|2012-09-20T21:44:32.909+0000|10995116277811
120259084511|Album 5 of Oleg Bazayev|2012-08-04T13:35:17.177+0000|10995116277811
94489280736|Album 6 of Oleg Bazayev|2012-01-23T06:31:01.277+0000|10995116277811
94489280738|Album 8 of Oleg Bazayev|2011-12-24T18:28:13.557+0000|10995116277811
128849019107|Album 9 of Oleg Bazayev|2012-10-02T16:30:29.306+0000|10995116277811
128849019108|Album 10 of Oleg Bazayev|2012-09-07T07:59:05.389+0000|10995116277811
94489280741|Album 11 of Oleg Bazayev|2012-01-10T15:37:22.078+0000|10995116277811
120259084518|Album 12 of Oleg Bazayev|2012-06-12T15:47:33.192+0000|10995116277811
85899346151|Album 13 of Oleg Bazayev|2011-11-28T04:41:16.737+0000|10995116277811
77309411560|Wall of Cam Loan|2011-09-23T00:25:17.137+0000|9895604650074
85899346153|Wall of Jie Li|2011-10-13T20:30:48.614+0000|10995116277826
103079215338|Group for Muhammad_Ali_of_Egypt in Hefei|2012-03-19T16:18:40.318+0000|10995116277826
94489280747|Album 0 of Jie Li|2012-01-26T19:51:14.736+0000|10995116277826
103079215340|Album 1 of Jie Li|2012-04-06T10:04:33.487+0000|10995116277826
120259084526|Album 3 of Jie Li|2012-06-12T04:28:52.523+0000|10995116277826
103079215343|Album 4 of Jie Li|2012-02-16T20:51:46.961+0000|10995116277826
128849019120|Album 5 of Jie Li|2012-08-27T22:55:19.906+0000|10995116277826
85899346161|Album 6 of Jie Li|2011-11-25T03:19:59.855+0000|10995116277826
120259084530|Album 7 of Jie Li|2012-06-11T22:59:31.186+0000|10995116277826
103079215347|Album 8 of Jie Li|2012-03-18T23:01:27.411+0000|10995116277826
85899346164|Album 9 of Jie Li|2011-11-12T08:39:43.818+0000|10995116277826
94489280757|Album 10 of Jie Li|2012-01-06T01:21:43.985+0000|10995116277826
128849019126|Album 11 of Jie Li|2012-08-25T11:49:29.328+0000|10995116277826
85899346167|Album 12 of Jie Li|2011-10-15T15:53:26.452+0000|10995116277826
128849019128|Album 13 of Jie Li|2012-09-18T22:05:07.875+0000|10995116277826
128849019129|Album 14 of Jie Li|2012-08-28T19:23:16.837+0000|10995116277826
25769804026|Wall of Ken Yamada|2010-09-11T18:26:36.822+0000|3298534883350
94489280767|Wall of Jun Li|2012-01-29T06:56:49.032+0000|12094627905543
111669149952|Album 0 of Jun Li|2012-04-29T18:37:41.235+0000|12094627905543
128849019137|Album 1 of Jun Li|2012-08-21T00:41:26.963+0000|12094627905543
128849019139|Album 3 of Jun Li|2012-09-22T13:22:09.405+0000|12094627905543
128849019140|Album 4 of Jun Li|2012-09-25T02:21:22.789+0000|12094627905543
103079215365|Album 5 of Jun Li|2012-03-07T05:38:59.174+0000|12094627905543
120259084550|Album 6 of Jun Li|2012-06-30T03:28:31.099+0000|12094627905543
120259084551|Album 7 of Jun Li|2012-07-06T18:26:35.726+0000|12094627905543
128849019145|Album 9 of Jun Li|2012-08-15T01:53:51.152+0000|12094627905543
77309411596|Wall of Yang Liu|2011-09-21T05:11:25.212+0000|9895604650020
103079215373|Album 0 of Yang Liu|2012-02-12T15:47:29.156+0000|9895604650020
85899346191|Album 2 of Yang Liu|2011-11-21T09:40:53.154+0000|9895604650020
85899346193|Album 4 of Yang Liu|2011-10-25T13:09:47.349+0000|9895604650020
94489280786|Album 5 of Yang Liu|2012-01-20T23:18:42.639+0000|9895604650020
111669149973|Album 8 of Yang Liu|2012-05-01T17:53:55.045+0000|9895604650020
77309411606|Album 9 of Yang Liu|2011-09-25T13:35:01.335+0000|9895604650020
128849019160|Album 11 of Yang Liu|2012-08-25T23:02:11.699+0000|9895604650020
111669149977|Album 12 of Yang Liu|2012-04-20T12:27:47.375+0000|9895604650020
128849019162|Album 13 of Yang Liu|2012-09-28T00:18:35.001+0000|9895604650020
94489280795|Album 14 of Yang Liu|2012-01-10T01:06:15.260+0000|9895604650020
17179869469|Wall of Alec Lin|2010-06-27T04:24:43.354+0000|2199023255602
77309411614|Album 0 of Alec Lin|2011-08-14T06:29:38.171+0000|2199023255602
68719477023|Album 1 of Alec Lin|2011-06-30T22:02:46.520+0000|2199023255602
68719477024|Album 2 of Alec Lin|2011-07-05T22:32:59.316+0000|2199023255602
103079215393|Album 3 of Alec Lin|2012-04-01T13:08:50.948+0000|2199023255602
68719477026|Album 4 of Alec Lin|2011-07-18T02:45:01.417+0000|2199023255602
111669149987|Album 5 of Alec Lin|2012-05-31T00:15:29.365+0000|2199023255602
77309411620|Album 6 of Alec Lin|2011-10-02T08:05:34.470+0000|2199023255602
111669149989|Album 7 of Alec Lin|2012-05-13T02:37:13.231+0000|2199023255602
60129542438|Album 8 of Alec Lin|2011-05-17T00:56:07.237+0000|2199023255602
77309411623|Album 9 of Alec Lin|2011-08-20T18:23:18.736+0000|2199023255602
42949673256|Album 10 of Alec Lin|2010-12-09T05:30:48.926+0000|2199023255602
68719477033|Album 11 of Alec Lin|2011-07-14T16:16:20.876+0000|2199023255602
120259084586|Album 12 of Alec Lin|2012-07-22T19:21:49.814+0000|2199023255602
94489280811|Album 13 of Alec Lin|2012-01-16T16:30:25.380+0000|2199023255602
77309411628|Album 14 of Alec Lin|2011-09-26T01:14:35.514+0000|2199023255602
77309411630|Album 16 of Alec Lin|2011-10-02T16:08:19.831+0000|2199023255602
17179869487|Album 17 of Alec Lin|2010-07-16T11:17:07.279+0000|2199023255602
68719477040|Album 18 of Alec Lin|2011-08-06T00:40:31.278+0000|2199023255602
34359738673|Album 19 of Alec Lin|2010-11-25T14:01:43.275+0000|2199023255602
68719477042|Album 20 of Alec Lin|2011-07-14T19:17:34.687+0000|2199023255602
51539607859|Album 21 of Alec Lin|2011-02-16T13:31:21.821+0000|2199023255602
77309411636|Album 22 of Alec Lin|2011-09-18T18:49:10.318+0000|2199023255602
77309411638|Album 24 of Alec Lin|2011-09-25T16:54:39.138+0000|2199023255602
94489280823|Album 25 of Alec Lin|2012-01-15T19:11:34.265+0000|2199023255602
77309411641|Album 27 of Alec Lin|2011-09-09T07:12:43.995+0000|2199023255602
128849019194|Album 28 of Alec Lin|2012-09-14T13:54:42.292+0000|2199023255602
34359738683|Album 29 of Alec Lin|2010-10-10T00:51:57.451+0000|2199023255602
94489280828|Album 30 of Alec Lin|2012-01-22T15:03:21.646+0000|2199023255602
85899346237|Wall of Bryn Davies|2011-11-06T00:23:41.981+0000|10995116277764
94489280830|Wall of Abdoulaye Khouma Dia|2012-01-24T09:45:38.549+0000|12094627905628
51539607871|Wall of Yahya Ould Ahmed El Abdallahi|2011-02-07T18:51:57.023+0000|6597069766676
34359738688|Wall of Cheng Yang|2010-11-09T03:45:39.161+0000|4398046511193
77309411649|Wall of Babar Khan|2011-09-23T17:48:49.292+0000|9895604650037
51539607874|Wall of Djelaludin Zaland|2011-03-25T15:35:54.426+0000|6597069766664
120259084611|Album 0 of Djelaludin Zaland|2012-06-22T18:48:23.432+0000|6597069766664
103079215428|Album 1 of Djelaludin Zaland|2012-04-10T04:16:51.522+0000|6597069766664
103079215429|Album 2 of Djelaludin Zaland|2012-04-06T02:37:05.659+0000|6597069766664
68719477062|Album 3 of Djelaludin Zaland|2011-06-22T04:29:26.933+0000|6597069766664
137438953799|Album 4 of Djelaludin Zaland|2012-10-17T05:26:42.308+0000|6597069766664
85899346248|Album 5 of Djelaludin Zaland|2011-12-04T06:19:45.545+0000|6597069766664
77309411657|Album 6 of Djelaludin Zaland|2011-10-04T04:57:42.985+0000|6597069766664
120259084618|Album 7 of Djelaludin Zaland|2012-07-14T16:00:19.167+0000|6597069766664
60129542475|Album 8 of Djelaludin Zaland|2011-04-28T02:38:17.290+0000|6597069766664
111669150029|Album 10 of Djelaludin Zaland|2012-05-18T05:35:55.506+0000|6597069766664
60129542478|Album 11 of Djelaludin Zaland|2011-04-25T18:53:02.213+0000|6597069766664
128849019215|Album 12 of Djelaludin Zaland|2012-10-04T01:21:23.077+0000|6597069766664
103079215440|Album 13 of Djelaludin Zaland|2012-03-02T16:38:52.255+0000|6597069766664
94489280849|Album 14 of Djelaludin Zaland|2012-01-30T11:42:58.410+0000|6597069766664
103079215442|Album 15 of Djelaludin Zaland|2012-03-11T02:24:35.669+0000|6597069766664
103079215443|Album 16 of Djelaludin Zaland|2012-02-18T04:33:30.622+0000|6597069766664
60129542485|Album 18 of Djelaludin Zaland|2011-04-22T22:59:07.071+0000|6597069766664
103079215446|Album 19 of Djelaludin Zaland|2012-02-11T04:18:43.460+0000|6597069766664
128849019223|Album 20 of Djelaludin Zaland|2012-09-15T01:20:58.096+0000|6597069766664
60129542488|Album 21 of Djelaludin Zaland|2011-05-25T10:03:43.421+0000|6597069766664
68719477081|Wall of Tamas Gabor|2011-07-30T15:22:09.273+0000|8796093022286
77309411674|Album 0 of Tamas Gabor|2011-09-26T11:41:24.247+0000|8796093022286
103079215451|Album 1 of Tamas Gabor|2012-03-29T15:45:13.960+0000|8796093022286
94489280860|Album 2 of Tamas Gabor|2012-01-27T18:21:24.605+0000|8796093022286
85899346269|Album 3 of Tamas Gabor|2011-10-12T16:43:51.629+0000|8796093022286
103079215454|Album 4 of Tamas Gabor|2012-02-27T16:44:11.635+0000|8796093022286
77309411679|Album 5 of Tamas Gabor|2011-10-03T06:48:26.819+0000|8796093022286
120259084640|Album 6 of Tamas Gabor|2012-07-01T14:33:50.634+0000|8796093022286
94489280866|Album 8 of Tamas Gabor|2012-01-25T13:25:35.469+0000|8796093022286
85899346275|Album 9 of Tamas Gabor|2011-11-29T16:16:21.360+0000|8796093022286
111669150052|Album 10 of Tamas Gabor|2012-05-24T06:37:33.066+0000|8796093022286
94489280869|Album 11 of Tamas Gabor|2012-01-01T18:30:47.026+0000|8796093022286
128849019238|Album 12 of Tamas Gabor|2012-08-20T14:59:08.625+0000|8796093022286
103079215463|Album 13 of Tamas Gabor|2012-02-14T03:28:05.449+0000|8796093022286
77309411688|Album 14 of Tamas Gabor|2011-09-24T19:56:56.801+0000|8796093022286
103079215465|Album 15 of Tamas Gabor|2012-02-18T14:25:33.146+0000|8796093022286
85899346282|Album 16 of Tamas Gabor|2011-10-29T09:33:23.277+0000|8796093022286
77309411691|Album 17 of Tamas Gabor|2011-09-12T23:47:52.239+0000|8796093022286
68719477100|Wall of John Johnson|2011-06-23T06:51:03.389+0000|8796093022231
120259084653|Album 0 of John Johnson|2012-08-04T07:48:37.019+0000|8796093022231
111669150062|Album 1 of John Johnson|2012-04-21T08:50:33.460+0000|8796093022231
94489280879|Album 2 of John Johnson|2012-01-11T13:44:30.690+0000|8796093022231
128849019248|Album 3 of John Johnson|2012-09-24T04:54:45.137+0000|8796093022231
120259084657|Album 4 of John Johnson|2012-08-02T23:35:01.926+0000|8796093022231
103079215474|Album 5 of John Johnson|2012-04-01T14:55:44.710+0000|8796093022231
94489280883|Album 6 of John Johnson|2011-12-11T11:34:26.179+0000|8796093022231
94489280884|Album 7 of John Johnson|2012-01-31T17:17:36.260+0000|8796093022231
103079215478|Album 9 of John Johnson|2012-03-11T06:47:08.241+0000|8796093022231
103079215479|Album 10 of John Johnson|2012-03-31T13:45:28.502+0000|8796093022231
111669150072|Album 11 of John Johnson|2012-05-01T04:30:32.579+0000|8796093022231
85899346297|Album 12 of John Johnson|2011-11-19T23:23:09.949+0000|8796093022231
120259084666|Album 13 of John Johnson|2012-06-22T18:42:49.901+0000|8796093022231
111669150075|Album 14 of John Johnson|2012-04-13T19:53:04.142+0000|8796093022231
120259084668|Album 15 of John Johnson|2012-08-01T11:05:49.404+0000|8796093022231
128849019262|Album 17 of John Johnson|2012-08-13T01:15:04.634+0000|8796093022231
42949673344|Wall of Eric Mettacara|2011-01-19T20:48:23.850+0000|5497558138885
120259084673|Album 0 of Eric Mettacara|2012-08-08T02:04:10.982+0000|5497558138885
68719477122|Album 1 of Eric Mettacara|2011-07-18T17:41:41.412+0000|5497558138885
111669150083|Album 2 of Eric Mettacara|2012-05-29T12:39:16.084+0000|5497558138885
111669150085|Album 4 of Eric Mettacara|2012-04-10T12:06:19.187+0000|5497558138885
111669150087|Album 6 of Eric Mettacara|2012-05-05T14:54:34.206+0000|5497558138885
68719477128|Album 7 of Eric Mettacara|2011-06-20T09:47:12.617+0000|5497558138885
60129542537|Album 8 of Eric Mettacara|2011-04-18T08:56:02.240+0000|5497558138885
51539607946|Album 9 of Eric Mettacara|2011-03-19T16:46:35.547+0000|5497558138885
60129542539|Album 10 of Eric Mettacara|2011-04-24T00:34:49.595+0000|5497558138885
103079215500|Album 11 of Eric Mettacara|2012-03-07T05:04:38.651+0000|5497558138885
111669150093|Album 12 of Eric Mettacara|2012-06-10T03:43:02.600+0000|5497558138885
68719477134|Album 13 of Eric Mettacara|2011-07-13T17:56:21.187+0000|5497558138885
77309411727|Album 14 of Eric Mettacara|2011-09-14T23:21:40.833+0000|5497558138885
94489280912|Album 15 of Eric Mettacara|2012-01-14T00:13:11.299+0000|5497558138885
60129542545|Album 16 of Eric Mettacara|2011-05-26T19:20:50.259+0000|5497558138885
128849019282|Album 17 of Eric Mettacara|2012-08-25T15:15:29.499+0000|5497558138885
51539607955|Album 18 of Eric Mettacara|2011-02-20T00:34:43.659+0000|5497558138885
137438953876|Album 19 of Eric Mettacara|2012-10-12T08:46:31.438+0000|5497558138885
103079215510|Album 21 of Eric Mettacara|2012-03-24T03:23:31.665+0000|5497558138885
103079215511|Album 22 of Eric Mettacara|2012-03-03T09:42:43.659+0000|5497558138885
111669150104|Album 23 of Eric Mettacara|2012-05-06T19:43:10.417+0000|5497558138885
94489280921|Wall of Aleksandr Dobrunov|2012-01-27T11:09:47.768+0000|12094627905619
111669150106|Group for José_Ferrer in Kazan|2012-04-25T11:21:50.152+0000|12094627905619
120259084699|Group for José_Ferrer in Kazan|2012-07-12T11:32:41.598+0000|12094627905619
120259084701|Album 1 of Aleksandr Dobrunov|2012-06-21T01:17:35.400+0000|12094627905619
103079215518|Album 2 of Aleksandr Dobrunov|2012-02-11T16:40:03.968+0000|12094627905619
128849019297|Album 5 of Aleksandr Dobrunov|2012-08-25T18:41:10.330+0000|12094627905619
103079215522|Album 6 of Aleksandr Dobrunov|2012-03-31T19:21:12.766+0000|12094627905619
103079215523|Album 7 of Aleksandr Dobrunov|2012-04-01T18:26:44.687+0000|12094627905619
103079215525|Album 9 of Aleksandr Dobrunov|2012-03-08T04:44:27.877+0000|12094627905619
111669150118|Album 10 of Aleksandr Dobrunov|2012-05-31T12:56:27.592+0000|12094627905619
128849019303|Album 11 of Aleksandr Dobrunov|2012-08-31T21:32:17.992+0000|12094627905619
85899346344|Wall of Cheng Wei|2011-11-17T00:12:13.931+0000|10995116277771
111669150121|Album 0 of Cheng Wei|2012-05-04T17:02:25.458+0000|10995116277771
128849019306|Album 1 of Cheng Wei|2012-08-29T12:57:33.190+0000|10995116277771
94489280940|Album 3 of Cheng Wei|2011-12-21T07:08:23.082+0000|10995116277771
103079215533|Album 4 of Cheng Wei|2012-02-12T12:20:28.726+0000|10995116277771
137438953902|Album 5 of Cheng Wei|2012-10-15T19:55:19.604+0000|10995116277771
103079215535|Album 6 of Cheng Wei|2012-04-05T17:30:40.233+0000|10995116277771
128849019313|Album 8 of Cheng Wei|2012-09-22T08:43:15.810+0000|10995116277771
85899346354|Album 9 of Cheng Wei|2011-12-06T02:24:05.904+0000|10995116277771
111669150131|Album 10 of Cheng Wei|2012-05-19T21:36:33.333+0000|10995116277771
120259084724|Album 11 of Cheng Wei|2012-06-26T05:38:13.972+0000|10995116277771
128849019317|Album 12 of Cheng Wei|2012-10-01T17:48:59.818+0000|10995116277771
94489280950|Album 13 of Cheng Wei|2012-01-04T12:27:28.396+0000|10995116277771
68719477175|Wall of Alim Guliyev|2011-07-10T16:44:09.636+0000|8796093022217
120259084728|Album 0 of Alim Guliyev|2012-07-20T05:30:45.955+0000|8796093022217
120259084729|Album 1 of Alim Guliyev|2012-07-02T00:01:35.313+0000|8796093022217
128849019322|Album 2 of Alim Guliyev|2012-08-13T20:52:34.986+0000|8796093022217
128849019323|Album 3 of Alim Guliyev|2012-09-18T08:26:13.818+0000|8796093022217
103079215550|Album 6 of Alim Guliyev|2012-03-11T08:20:39.947+0000|8796093022217
128849019327|Album 7 of Alim Guliyev|2012-09-04T13:23:25.534+0000|8796093022217
103079215552|Album 8 of Alim Guliyev|2012-02-12T20:36:13.993+0000|8796093022217
128849019329|Album 9 of Alim Guliyev|2012-09-21T21:56:16.826+0000|8796093022217
103079215554|Album 10 of Alim Guliyev|2012-03-27T18:25:32.850+0000|8796093022217
103079215556|Album 12 of Alim Guliyev|2012-03-27T16:36:55.739+0000|8796093022217
94489280966|Album 14 of Alim Guliyev|2011-12-14T11:38:49.037+0000|8796093022217
103079215559|Album 15 of Alim Guliyev|2012-04-08T08:01:57.839+0000|8796093022217
111669150153|Album 17 of Alim Guliyev|2012-04-12T23:42:32.268+0000|8796093022217
111669150154|Album 18 of Alim Guliyev|2012-04-20T12:43:35.672+0000|8796093022217
25769804235|Wall of Masahiro Sato|2010-08-22T08:42:22.471+0000|3298534883397
34359738828|Wall of Alexei Codreanu|2010-11-30T23:36:37.929+0000|4398046511186
103079215566|Album 1 of Alexei Codreanu|2012-02-18T18:14:36.855+0000|4398046511186
111669150159|Album 2 of Alexei Codreanu|2012-05-22T20:44:34.190+0000|4398046511186
128849019344|Album 3 of Alexei Codreanu|2012-09-07T18:00:19.341+0000|4398046511186
42949673425|Album 4 of Alexei Codreanu|2010-12-14T04:32:52.079+0000|4398046511186
111669150163|Album 6 of Alexei Codreanu|2012-04-20T04:14:34.971+0000|4398046511186
51539608020|Album 7 of Alexei Codreanu|2011-02-13T05:17:25.908+0000|4398046511186
111669150165|Album 8 of Alexei Codreanu|2012-05-26T21:49:17.680+0000|4398046511186
120259084758|Album 9 of Alexei Codreanu|2012-07-20T06:49:31.536+0000|4398046511186
103079215575|Album 10 of Alexei Codreanu|2012-03-19T06:49:45.635+0000|4398046511186
111669150168|Album 11 of Alexei Codreanu|2012-04-27T01:30:42.501+0000|4398046511186
128849019353|Album 12 of Alexei Codreanu|2012-09-18T17:22:47.073+0000|4398046511186
77309411802|Album 13 of Alexei Codreanu|2011-09-09T16:37:08.264+0000|4398046511186
77309411803|Album 14 of Alexei Codreanu|2011-08-13T07:52:56.282+0000|4398046511186
111669150172|Album 15 of Alexei Codreanu|2012-04-23T17:31:10.890+0000|4398046511186
68719477213|Album 16 of Alexei Codreanu|2011-07-28T10:49:18.248+0000|4398046511186
85899346398|Album 17 of Alexei Codreanu|2011-11-13T01:49:45.182+0000|4398046511186
128849019359|Album 18 of Alexei Codreanu|2012-09-23T05:03:57.337+0000|4398046511186
68719477216|Album 19 of Alexei Codreanu|2011-06-22T22:29:40.843+0000|4398046511186
94489280993|Album 20 of Alexei Codreanu|2012-01-16T02:28:15.017+0000|4398046511186
68719477218|Album 21 of Alexei Codreanu|2011-06-28T07:31:10.914+0000|4398046511186
42949673443|Album 22 of Alexei Codreanu|2011-02-02T04:34:31.362+0000|4398046511186
51539608037|Album 24 of Alexei Codreanu|2011-04-02T07:48:54.519+0000|4398046511186
94489280998|Album 25 of Alexei Codreanu|2012-01-15T14:43:04.894+0000|4398046511186
103079215591|Wall of Jose Alonso|2012-03-17T12:41:11.645+0000|13194139533324
25769804264|Wall of Jorge Araujo Castro|2010-09-08T12:58:16.265+0000|3298534883392
94489281005|Wall of Otto Richter|2012-01-10T18:28:00.519+0000|12094627905567
17179869678|Wall of Yang Wang|2010-06-19T00:14:24.976+0000|2199023255593
51539608047|Wall of Peng Yang|2011-03-17T23:30:11.008+0000|6597069766710
25769804272|Wall of Karl Fischer|2010-09-01T15:37:34.032+0000|3298534883405
60129542641|Wall of Chong Zhang|2011-06-06T22:28:52.927+0000|7696581394520
120259084786|Album 0 of Chong Zhang|2012-07-03T16:39:16.103+0000|7696581394520
103079215603|Album 1 of Chong Zhang|2012-02-28T14:01:45.266+0000|7696581394520
128849019380|Album 2 of Chong Zhang|2012-09-26T14:32:37.747+0000|7696581394520
68719477237|Album 3 of Chong Zhang|2011-07-31T18:18:26.644+0000|7696581394520
128849019382|Album 4 of Chong Zhang|2012-09-03T01:14:27.759+0000|7696581394520
111669150199|Album 5 of Chong Zhang|2012-04-23T19:03:07.646+0000|7696581394520
94489281016|Album 6 of Chong Zhang|2012-01-13T20:53:27.270+0000|7696581394520
103079215609|Album 7 of Chong Zhang|2012-02-19T15:26:39.496+0000|7696581394520
128849019386|Album 8 of Chong Zhang|2012-08-31T02:19:10.284+0000|7696581394520
68719477243|Album 9 of Chong Zhang|2011-06-25T02:59:04.874+0000|7696581394520
128849019388|Album 10 of Chong Zhang|2012-08-25T09:35:47.590+0000|7696581394520
68719477245|Album 11 of Chong Zhang|2011-07-02T01:45:32.230+0000|7696581394520
128849019390|Album 12 of Chong Zhang|2012-09-14T21:11:50.609+0000|7696581394520
85899346431|Album 13 of Chong Zhang|2011-11-04T07:39:03.767+0000|7696581394520
94489281024|Album 14 of Chong Zhang|2011-12-12T10:03:46.791+0000|7696581394520
94489281025|Album 15 of Chong Zhang|2011-12-22T06:42:46.182+0000|7696581394520
103079215618|Album 16 of Chong Zhang|2012-03-23T15:10:18.411+0000|7696581394520
85899346435|Album 17 of Chong Zhang|2011-11-11T15:57:11.582+0000|7696581394520
68719477252|Album 18 of Chong Zhang|2011-07-25T21:09:56.031+0000|7696581394520
103079215621|Album 19 of Chong Zhang|2012-02-13T08:32:54.128+0000|7696581394520
77309411846|Wall of Akira Yamamoto|2011-08-30T23:53:53.370+0000|9895604650036
60129542665|Wall of Amy Chen|2011-05-28T18:53:59.614+0000|7696581394490
111669150218|Album 0 of Amy Chen|2012-06-06T05:20:05.452+0000|7696581394490
103079215627|Album 1 of Amy Chen|2012-03-07T13:57:51.119+0000|7696581394490
85899346444|Album 2 of Amy Chen|2011-11-13T03:56:18.876+0000|7696581394490
111669150222|Album 4 of Amy Chen|2012-05-31T02:54:35.625+0000|7696581394490
120259084815|Album 5 of Amy Chen|2012-06-21T22:32:55.805+0000|7696581394490
103079215634|Album 8 of Amy Chen|2012-04-08T19:03:59.803+0000|7696581394490
68719477267|Album 9 of Amy Chen|2011-07-15T03:46:09.029+0000|7696581394490
68719477270|Album 12 of Amy Chen|2011-06-23T09:42:46.439+0000|7696581394490
85899346455|Album 13 of Amy Chen|2011-10-09T10:51:19.514+0000|7696581394490
94489281048|Album 14 of Amy Chen|2011-12-29T07:01:54.172+0000|7696581394490
120259084825|Album 15 of Amy Chen|2012-08-05T15:22:45.840+0000|7696581394490
120259084826|Album 16 of Amy Chen|2012-07-27T14:27:00.302+0000|7696581394490
94489281051|Album 17 of Amy Chen|2011-12-25T23:09:17.048+0000|7696581394490
111669150236|Album 18 of Amy Chen|2012-04-18T22:11:13.898+0000|7696581394490
128849019421|Album 19 of Amy Chen|2012-09-16T17:41:48.418+0000|7696581394490
8589935134|Wall of Baby Yang|2010-05-14T21:18:48.824+0000|1099511627782
120259084831|Wall of Jie Yang|2012-06-26T15:30:25.165+0000|15393162788888
128849019428|Album 4 of Jie Yang|2012-08-13T05:30:57.323+0000|15393162788888
103079215655|Wall of Alfonso Rodriguez|2012-03-13T22:08:26.056+0000|13194139533350
128849019433|Album 1 of Alfonso Rodriguez|2012-09-21T16:12:06.275+0000|13194139533350
111669150251|Album 3 of Alfonso Rodriguez|2012-05-13T06:26:36.734+0000|13194139533350
111669150253|Album 5 of Alfonso Rodriguez|2012-05-09T23:55:03.158+0000|13194139533350
120259084846|Album 6 of Alfonso Rodriguez|2012-07-06T17:46:05.960+0000|13194139533350
111669150256|Album 8 of Alfonso Rodriguez|2012-05-10T13:03:17.336+0000|13194139533350
85899346483|Wall of Chong Liu|2011-12-05T12:57:38.446+0000|10995116277851
94489281076|Wall of Hossein Forouhar|2012-01-24T23:45:08.750+0000|12094627905550
128849019445|Wall of Ayesha Ahmed|2012-09-08T06:53:38.961+0000|16492674416675
128849019447|Album 1 of Ayesha Ahmed|2012-09-21T00:30:15.275+0000|16492674416675
137438954040|Album 2 of Ayesha Ahmed|2012-10-20T00:58:32.105+0000|16492674416675
42949673530|Wall of Paul Becker|2011-01-15T00:05:07.072+0000|5497558138940
128849019451|Album 0 of Paul Becker|2012-09-20T08:23:01.807+0000|5497558138940
103079215676|Album 1 of Paul Becker|2012-03-19T09:11:28.421+0000|5497558138940
85899346493|Album 2 of Paul Becker|2011-10-12T09:19:47.227+0000|5497558138940
94489281086|Album 3 of Paul Becker|2011-12-11T02:54:37.518+0000|5497558138940
94489281087|Album 4 of Paul Becker|2012-01-15T12:08:26.676+0000|5497558138940
68719477312|Album 5 of Paul Becker|2011-07-31T00:22:51.638+0000|5497558138940
111669150274|Album 7 of Paul Becker|2012-06-02T22:27:41.400+0000|5497558138940
68719477315|Album 8 of Paul Becker|2011-08-01T13:53:10.446+0000|5497558138940
77309411908|Album 9 of Paul Becker|2011-09-20T09:26:02.182+0000|5497558138940
68719477317|Album 10 of Paul Becker|2011-07-03T05:55:49.325+0000|5497558138940
85899346502|Album 11 of Paul Becker|2011-11-16T00:22:49.823+0000|5497558138940
94489281096|Album 13 of Paul Becker|2011-12-20T01:23:58.215+0000|5497558138940
85899346505|Album 14 of Paul Becker|2011-10-17T18:43:50.140+0000|5497558138940
120259084875|Album 16 of Paul Becker|2012-06-29T15:45:09.265+0000|5497558138940
111669150284|Album 17 of Paul Becker|2012-05-28T04:07:28.170+0000|5497558138940
94489281101|Album 18 of Paul Becker|2012-02-06T08:39:11.089+0000|5497558138940
77309411918|Album 19 of Paul Becker|2011-09-04T17:25:31.648+0000|5497558138940
77309411920|Album 21 of Paul Becker|2011-08-22T08:16:01.831+0000|5497558138940
68719477329|Album 22 of Paul Becker|2011-08-05T23:33:13.128+0000|5497558138940
103079215698|Album 23 of Paul Becker|2012-03-02T16:15:58.189+0000|5497558138940
103079215699|Wall of Pablo Bernal|2012-02-13T03:00:25.938+0000|13194139533405
60129542740|Wall of Ali Achiou|2011-05-15T01:38:59.734+0000|7696581394474
60129542742|Wall of Tissa Perera|2011-05-26T14:45:03.629+0000|7696581394479
60129542743|Album 0 of Tissa Perera|2011-06-07T05:23:18.615+0000|7696581394479
103079215704|Album 1 of Tissa Perera|2012-03-27T08:00:48.114+0000|7696581394479
111669150297|Album 2 of Tissa Perera|2012-05-29T15:18:33.731+0000|7696581394479
137438954074|Album 3 of Tissa Perera|2012-10-16T14:47:40.630+0000|7696581394479
111669150299|Album 4 of Tissa Perera|2012-05-21T19:12:51.247+0000|7696581394479
85899346524|Album 5 of Tissa Perera|2011-10-20T04:05:05.474+0000|7696581394479
68719477341|Album 6 of Tissa Perera|2011-07-17T00:59:55.022+0000|7696581394479
68719477342|Album 7 of Tissa Perera|2011-06-27T16:19:06.129+0000|7696581394479
103079215711|Album 8 of Tissa Perera|2012-03-26T10:08:04.004+0000|7696581394479
85899346528|Album 9 of Tissa Perera|2011-10-24T20:11:50.359+0000|7696581394479
85899346529|Album 10 of Tissa Perera|2011-12-08T12:14:39.318+0000|7696581394479
77309411938|Album 11 of Tissa Perera|2011-09-03T17:42:23.020+0000|7696581394479
128849019491|Album 12 of Tissa Perera|2012-09-03T16:19:31.800+0000|7696581394479
94489281124|Album 13 of Tissa Perera|2012-02-04T03:36:08.871+0000|7696581394479
77309411942|Album 15 of Tissa Perera|2011-09-15T15:34:47.504+0000|7696581394479
111669150311|Album 16 of Tissa Perera|2012-05-17T09:33:09.925+0000|7696581394479
68719477352|Album 17 of Tissa Perera|2011-07-15T18:54:28.277+0000|7696581394479
128849019497|Album 18 of Tissa Perera|2012-10-06T13:50:24.838+0000|7696581394479
77309411946|Album 19 of Tissa Perera|2011-09-17T12:25:48.327+0000|7696581394479
51539608171|Wall of Jimmy Burak|2011-02-19T11:18:54.286+0000|6597069766675
77309411948|Album 0 of Jimmy Burak|2011-10-08T13:06:00.030+0000|6597069766675
111669150317|Album 1 of Jimmy Burak|2012-05-07T05:19:17.801+0000|6597069766675
60129542766|Album 2 of Jimmy Burak|2011-05-02T08:51:13.326+0000|6597069766675
94489281135|Album 3 of Jimmy Burak|2012-02-01T10:46:02.770+0000|6597069766675
77309411953|Album 5 of Jimmy Burak|2011-09-12T15:16:10.317+0000|6597069766675
103079215730|Album 6 of Jimmy Burak|2012-03-10T21:10:45.057+0000|6597069766675
120259084915|Album 7 of Jimmy Burak|2012-07-11T16:52:22.267+0000|6597069766675
60129542772|Album 8 of Jimmy Burak|2011-05-09T18:42:15.677+0000|6597069766675
128849019509|Album 9 of Jimmy Burak|2012-10-09T08:48:21.613+0000|6597069766675
94489281142|Album 10 of Jimmy Burak|2012-01-18T08:37:10.742+0000|6597069766675
120259084920|Album 12 of Jimmy Burak|2012-06-17T17:29:00.950+0000|6597069766675
128849019513|Album 13 of Jimmy Burak|2012-10-11T21:16:20.561+0000|6597069766675
85899346554|Album 14 of Jimmy Burak|2011-11-26T19:23:14.346+0000|6597069766675
77309411963|Album 15 of Jimmy Burak|2011-08-17T19:55:00.022+0000|6597069766675
77309411964|Album 16 of Jimmy Burak|2011-08-19T07:04:13.697+0000|6597069766675
85899346557|Album 17 of Jimmy Burak|2011-10-13T06:58:33.765+0000|6597069766675
128849019518|Album 18 of Jimmy Burak|2012-09-20T07:20:09.954+0000|6597069766675
85899346559|Album 19 of Jimmy Burak|2011-11-09T12:58:53.059+0000|6597069766675
60129542784|Album 20 of Jimmy Burak|2011-04-16T01:01:47.854+0000|6597069766675
60129542785|Album 21 of Jimmy Burak|2011-04-18T01:17:03.692+0000|6597069766675
85899346562|Album 22 of Jimmy Burak|2011-11-15T09:18:25.451+0000|6597069766675
51539608195|Wall of Jose Pereira|2011-02-28T13:46:46.060+0000|6597069766735
644|Wall of Jun Hu|2010-02-06T17:34:23.740+0000|94
25769804421|Album 0 of Jun Hu|2010-08-31T16:10:49.169+0000|94
128849019526|Album 1 of Jun Hu|2012-09-19T12:12:12.646+0000|94
60129542791|Album 2 of Jun Hu|2011-04-16T14:14:25.770+0000|94
128849019528|Album 3 of Jun Hu|2012-08-16T11:07:39.269+0000|94
120259084937|Album 4 of Jun Hu|2012-08-10T03:43:35.525+0000|94
34359739018|Album 5 of Jun Hu|2010-11-11T05:09:49.521+0000|94
128849019531|Album 6 of Jun Hu|2012-08-24T06:43:12.706+0000|94
85899346572|Album 7 of Jun Hu|2011-10-28T14:19:17.976+0000|94
8589935245|Album 8 of Jun Hu|2010-05-29T08:02:26.528+0000|94
60129542798|Album 9 of Jun Hu|2011-05-11T20:57:30.974+0000|94
77309411983|Album 10 of Jun Hu|2011-08-11T15:50:11.292+0000|94
25769804432|Album 11 of Jun Hu|2010-09-22T14:49:33.116+0000|94
60129542802|Album 13 of Jun Hu|2011-04-28T01:30:20.032+0000|94
77309411987|Album 14 of Jun Hu|2011-09-28T14:49:30.757+0000|94
77309411988|Album 15 of Jun Hu|2011-08-21T08:04:18.545+0000|94
661|Album 16 of Jun Hu|2010-02-10T05:22:21.009+0000|94
25769804438|Album 17 of Jun Hu|2010-08-23T22:41:16.335+0000|94
8589935255|Album 18 of Jun Hu|2010-04-23T19:19:28.371+0000|94
51539608216|Album 19 of Jun Hu|2011-03-15T16:12:26.885+0000|94
111669150361|Album 20 of Jun Hu|2012-06-06T18:13:30.051+0000|94
120259084954|Album 21 of Jun Hu|2012-07-25T15:29:22.205+0000|94
25769804443|Album 22 of Jun Hu|2010-09-01T14:06:53.479+0000|94
68719477404|Album 23 of Jun Hu|2011-06-26T08:47:40.545+0000|94
60129542813|Album 24 of Jun Hu|2011-05-08T07:10:18.216+0000|94
103079215774|Album 25 of Jun Hu|2012-03-27T16:10:17.188+0000|94
128849019551|Album 26 of Jun Hu|2012-09-08T23:41:18.632+0000|94
8589935264|Album 27 of Jun Hu|2010-05-09T06:05:10.724+0000|94
85899346593|Album 28 of Jun Hu|2011-12-01T03:28:49.715+0000|94
25769804450|Album 29 of Jun Hu|2010-09-11T22:45:48.532+0000|94
68719477412|Album 31 of Jun Hu|2011-06-21T07:34:11.563+0000|94
103079215781|Album 32 of Jun Hu|2012-02-19T03:52:33.249+0000|94
8589935270|Album 33 of Jun Hu|2010-05-14T16:40:08.034+0000|94
17179869863|Album 34 of Jun Hu|2010-07-16T06:32:39.703+0000|94
34359739048|Album 35 of Jun Hu|2010-11-11T18:07:29.476+0000|94
94489281193|Wall of Chen Zhu|2012-01-28T00:43:49.514+0000|12094627905635
137438954154|Wall of Francisco Reyes|2012-10-12T03:26:52.403+0000|17592186044483
686|Wall of Marc Ravalomanana|2010-03-29T22:17:28.465+0000|65
60129542831|Album 0 of Marc Ravalomanana|2011-04-22T01:23:51.024+0000|65
128849019568|Album 1 of Marc Ravalomanana|2012-09-03T18:39:17.413+0000|65
128849019569|Album 2 of Marc Ravalomanana|2012-10-10T15:40:37.831+0000|65
51539608242|Album 3 of Marc Ravalomanana|2011-03-27T06:33:06.886+0000|65
8589935283|Album 4 of Marc Ravalomanana|2010-06-02T14:04:36.929+0000|65
68719477428|Album 5 of Marc Ravalomanana|2011-07-19T13:50:58.666+0000|65
94489281205|Album 6 of Marc Ravalomanana|2012-01-17T18:53:03.903+0000|65
34359739062|Album 7 of Marc Ravalomanana|2010-11-08T00:58:33.982+0000|65
111669150391|Album 8 of Marc Ravalomanana|2012-05-18T16:22:19.669+0000|65
128849019576|Album 9 of Marc Ravalomanana|2012-09-16T23:04:32.292+0000|65
120259084986|Album 11 of Marc Ravalomanana|2012-06-25T15:34:07.288+0000|65
111669150395|Album 12 of Marc Ravalomanana|2012-04-17T05:56:02.967+0000|65
120259084988|Album 13 of Marc Ravalomanana|2012-08-06T17:17:46.202+0000|65
77309412029|Album 14 of Marc Ravalomanana|2011-09-11T21:02:28.760+0000|65
68719477438|Album 15 of Marc Ravalomanana|2011-07-13T13:34:48.855+0000|65
128849019583|Album 16 of Marc Ravalomanana|2012-09-19T00:04:12.463+0000|65
17179869888|Album 17 of Marc Ravalomanana|2010-06-08T20:50:04.643+0000|65
42949673665|Album 18 of Marc Ravalomanana|2010-12-24T02:51:52.030+0000|65
120259084994|Album 19 of Marc Ravalomanana|2012-07-22T09:32:14.176+0000|65
60129542851|Album 20 of Marc Ravalomanana|2011-05-23T17:35:40.816+0000|65
94489281220|Album 21 of Marc Ravalomanana|2012-01-24T08:31:36.899+0000|65
25769804485|Album 22 of Marc Ravalomanana|2010-09-17T07:46:00.699+0000|65
120259084998|Album 23 of Marc Ravalomanana|2012-07-07T01:09:39.318+0000|65
34359739079|Album 24 of Marc Ravalomanana|2010-11-13T17:30:21.673+0000|65
103079215816|Album 25 of Marc Ravalomanana|2012-02-19T09:39:40.554+0000|65
120259085001|Album 26 of Marc Ravalomanana|2012-07-22T12:17:14.854+0000|65
34359739082|Album 27 of Marc Ravalomanana|2010-11-20T07:14:41.647+0000|65
25769804491|Album 28 of Marc Ravalomanana|2010-08-10T01:00:06.123+0000|65
716|Album 29 of Marc Ravalomanana|2010-03-30T00:05:36.227+0000|65
42949673677|Album 30 of Marc Ravalomanana|2010-12-25T07:04:00.750+0000|65
120259085007|Album 32 of Marc Ravalomanana|2012-07-26T10:17:32.920+0000|65
111669150416|Album 33 of Marc Ravalomanana|2012-05-22T03:09:19.078+0000|65
111669150417|Wall of Li Zhang|2012-04-14T21:08:13.259+0000|14293651161162
111669150418|Wall of Abdul Jamil Qureshi|2012-05-18T15:44:54.056+0000|14293651161168
60129542867|Wall of Abdul Haris Tobing|2011-05-04T23:38:27.501+0000|7696581394434
60129542868|Album 0 of Abdul Haris Tobing|2011-05-23T02:55:54.621+0000|7696581394434
60129542870|Album 2 of Abdul Haris Tobing|2011-05-30T23:22:26.735+0000|7696581394434
85899346647|Album 3 of Abdul Haris Tobing|2011-11-30T14:37:55.502+0000|7696581394434
128849019608|Album 4 of Abdul Haris Tobing|2012-08-26T09:32:58.749+0000|7696581394434
120259085017|Album 5 of Abdul Haris Tobing|2012-07-03T08:38:24.895+0000|7696581394434
111669150426|Album 6 of Abdul Haris Tobing|2012-05-16T11:25:15.236+0000|7696581394434
68719477467|Album 7 of Abdul Haris Tobing|2011-06-23T10:50:14.180+0000|7696581394434
137438954204|Album 8 of Abdul Haris Tobing|2012-10-16T17:53:35.125+0000|7696581394434
94489281245|Album 9 of Abdul Haris Tobing|2011-12-31T20:09:11.824+0000|7696581394434
68719477470|Album 10 of Abdul Haris Tobing|2011-06-08T16:06:08.136+0000|7696581394434
85899346655|Album 11 of Abdul Haris Tobing|2011-10-26T11:26:24.202+0000|7696581394434
77309412064|Album 12 of Abdul Haris Tobing|2011-09-17T09:25:04.707+0000|7696581394434
85899346657|Album 13 of Abdul Haris Tobing|2011-11-03T00:52:13.458+0000|7696581394434
77309412066|Album 14 of Abdul Haris Tobing|2011-09-15T05:30:52.949+0000|7696581394434
103079215843|Album 15 of Abdul Haris Tobing|2012-03-29T03:43:37.672+0000|7696581394434
120259085028|Album 16 of Abdul Haris Tobing|2012-07-22T12:35:19.294+0000|7696581394434
68719477478|Album 18 of Abdul Haris Tobing|2011-06-14T16:01:29.154+0000|7696581394434
103079215847|Album 19 of Abdul Haris Tobing|2012-04-01T20:22:31.965+0000|7696581394434
120259085032|Album 20 of Abdul Haris Tobing|2012-07-22T07:18:26.411+0000|7696581394434
17179869929|Wall of Jae-Jin Park|2010-07-24T07:44:15.241+0000|2199023255628
77309412074|Wall of Neil Murray|2011-09-27T10:39:25.492+0000|9895604650002
42949673707|Wall of Hans Johansson|2011-01-11T11:19:14.847+0000|5497558138908
51539608303|Album 3 of Hans Johansson|2011-02-05T11:12:47.295+0000|5497558138908
68719477488|Album 4 of Hans Johansson|2011-07-03T23:30:10.406+0000|5497558138908
120259085041|Album 5 of Hans Johansson|2012-07-19T06:58:02.610+0000|5497558138908
120259085042|Album 6 of Hans Johansson|2012-07-04T06:06:20.280+0000|5497558138908
85899346675|Album 7 of Hans Johansson|2011-10-15T12:45:49.734+0000|5497558138908
111669150452|Album 8 of Hans Johansson|2012-04-15T10:19:52.856+0000|5497558138908
120259085045|Album 9 of Hans Johansson|2012-06-17T02:22:45.360+0000|5497558138908
103079215862|Album 10 of Hans Johansson|2012-04-07T16:14:31.319+0000|5497558138908
77309412087|Album 11 of Hans Johansson|2011-09-24T22:15:17.546+0000|5497558138908
120259085048|Album 12 of Hans Johansson|2012-07-24T22:47:43.183+0000|5497558138908
111669150457|Album 13 of Hans Johansson|2012-05-13T09:17:48.372+0000|5497558138908
85899346684|Album 16 of Hans Johansson|2011-11-12T00:32:47.921+0000|5497558138908
120259085053|Album 17 of Hans Johansson|2012-08-05T04:52:59.304+0000|5497558138908
111669150462|Album 18 of Hans Johansson|2012-05-21T14:14:07.438+0000|5497558138908
42949673727|Album 19 of Hans Johansson|2011-01-31T09:07:37.094+0000|5497558138908
120259085056|Album 20 of Hans Johansson|2012-07-11T01:26:27.643+0000|5497558138908
77309412097|Album 21 of Hans Johansson|2011-09-22T18:41:21.637+0000|5497558138908
85899346691|Album 23 of Hans Johansson|2011-11-04T21:19:20.747+0000|5497558138908
51539608324|Album 24 of Hans Johansson|2011-03-19T19:40:03.022+0000|5497558138908
68719477509|Wall of Ali Abouba|2011-07-30T22:20:32.909+0000|8796093022253
128849019654|Album 0 of Ali Abouba|2012-08-22T20:33:28.967+0000|8796093022253
77309412103|Album 1 of Ali Abouba|2011-09-14T07:03:35.757+0000|8796093022253
77309412104|Album 2 of Ali Abouba|2011-09-20T09:01:43.401+0000|8796093022253
111669150473|Album 3 of Ali Abouba|2012-05-21T05:26:43.363+0000|8796093022253
85899346699|Album 5 of Ali Abouba|2011-11-11T02:38:08.086+0000|8796093022253
103079215884|Album 6 of Ali Abouba|2012-02-15T08:22:21.683+0000|8796093022253
85899346701|Album 7 of Ali Abouba|2011-10-18T15:07:48.578+0000|8796093022253
111669150478|Album 8 of Ali Abouba|2012-05-22T10:40:47.942+0000|8796093022253
103079215887|Album 9 of Ali Abouba|2012-02-14T06:46:42.113+0000|8796093022253
120259085072|Album 10 of Ali Abouba|2012-06-24T16:02:40.378+0000|8796093022253
128849019665|Album 11 of Ali Abouba|2012-09-08T01:19:32.200+0000|8796093022253
77309412114|Album 12 of Ali Abouba|2011-08-17T17:59:26.087+0000|8796093022253
103079215891|Album 13 of Ali Abouba|2012-04-04T05:23:34.600+0000|8796093022253
103079215894|Album 16 of Ali Abouba|2012-03-05T09:41:38.179+0000|8796093022253
128849019672|Wall of Wei Hu|2012-09-28T14:05:46.410+0000|16492674416738
128849019673|Album 0 of Wei Hu|2012-10-07T20:27:24.526+0000|16492674416738
128849019675|Album 2 of Wei Hu|2012-10-09T13:08:25.465+0000|16492674416738
68719477533|Wall of Chen Li|2011-06-28T08:50:48.828+0000|8796093022251
68719477534|Album 0 of Chen Li|2011-08-07T21:39:56.533+0000|8796093022251
103079215903|Album 1 of Chen Li|2012-02-23T15:08:14.213+0000|8796093022251
128849019680|Album 2 of Chen Li|2012-09-25T07:38:41.660+0000|8796093022251
94489281313|Album 3 of Chen Li|2012-01-13T17:43:37.920+0000|8796093022251
120259085090|Album 4 of Chen Li|2012-06-26T20:27:08.559+0000|8796093022251
128849019683|Album 5 of Chen Li|2012-08-16T23:02:01.793+0000|8796093022251
85899346724|Album 6 of Chen Li|2011-10-31T09:35:27.952+0000|8796093022251
77309412133|Album 7 of Chen Li|2011-08-24T04:48:14.714+0000|8796093022251
111669150502|Album 8 of Chen Li|2012-06-03T05:05:28.973+0000|8796093022251
103079215911|Album 9 of Chen Li|2012-03-26T00:32:45.742+0000|8796093022251
77309412137|Album 11 of Chen Li|2011-09-09T15:03:10.371+0000|8796093022251
68719477546|Album 12 of Chen Li|2011-08-04T16:20:15.403+0000|8796093022251
128849019691|Album 13 of Chen Li|2012-09-12T09:42:26.523+0000|8796093022251
128849019692|Album 14 of Chen Li|2012-10-05T01:34:10.781+0000|8796093022251
77309412141|Album 15 of Chen Li|2011-08-28T00:59:21.429+0000|8796093022251
103079215918|Album 16 of Chen Li|2012-03-21T13:03:11.657+0000|8796093022251
111669150512|Album 18 of Chen Li|2012-05-16T09:12:10.592+0000|8796093022251
8589935409|Wall of Hao Li|2010-05-29T03:16:18.277+0000|1099511627861
34359739186|Album 0 of Hao Li|2010-10-13T12:28:13.627+0000|1099511627861
94489281331|Album 1 of Hao Li|2011-12-28T16:17:09.074+0000|1099511627861
128849019700|Album 2 of Hao Li|2012-10-06T14:03:35.440+0000|1099511627861
42949673782|Album 4 of Hao Li|2011-01-02T12:26:19.545+0000|1099511627861
111669150519|Album 5 of Hao Li|2012-05-17T14:49:10.897+0000|1099511627861
77309412152|Album 6 of Hao Li|2011-09-30T04:53:17.704+0000|1099511627861
85899346745|Album 7 of Hao Li|2011-10-15T07:23:05.307+0000|1099511627861
120259085114|Album 8 of Hao Li|2012-06-16T12:38:25.167+0000|1099511627861
25769804603|Album 9 of Hao Li|2010-08-05T23:16:56.954+0000|1099511627861
77309412156|Album 10 of Hao Li|2011-09-11T21:41:42.314+0000|1099511627861
77309412157|Album 11 of Hao Li|2011-08-13T08:19:54.158+0000|1099511627861
60129542974|Album 12 of Hao Li|2011-04-21T00:10:15.173+0000|1099511627861
103079215935|Album 13 of Hao Li|2012-03-20T14:32:13.295+0000|1099511627861
103079215936|Album 14 of Hao Li|2012-02-26T06:37:28.271+0000|1099511627861
103079215937|Album 15 of Hao Li|2012-02-28T21:59:27.349+0000|1099511627861
77309412162|Album 16 of Hao Li|2011-09-27T08:19:38.374+0000|1099511627861
51539608387|Album 17 of Hao Li|2011-02-23T18:44:00.814+0000|1099511627861
120259085124|Album 18 of Hao Li|2012-07-08T17:59:30.738+0000|1099511627861
68719477573|Album 19 of Hao Li|2011-06-25T04:50:34.028+0000|1099511627861
94489281350|Album 20 of Hao Li|2012-01-25T03:16:05.916+0000|1099511627861
51539608391|Album 21 of Hao Li|2011-02-07T00:39:06.893+0000|1099511627861
111669150536|Album 22 of Hao Li|2012-05-25T19:56:11.627+0000|1099511627861
111669150537|Album 23 of Hao Li|2012-04-11T23:00:55.730+0000|1099511627861
34359739210|Album 24 of Hao Li|2010-12-04T18:45:23.270+0000|1099511627861
103079215947|Album 25 of Hao Li|2012-03-15T22:43:41.423+0000|1099511627861
34359739212|Album 26 of Hao Li|2010-11-17T13:19:39.774+0000|1099511627861
85899346765|Album 27 of Hao Li|2011-10-20T04:09:29.229+0000|1099511627861
25769804622|Album 28 of Hao Li|2010-09-29T20:19:52.339+0000|1099511627861
34359739215|Album 29 of Hao Li|2010-11-30T23:11:47.995+0000|1099511627861
120259085136|Album 30 of Hao Li|2012-07-31T16:35:14.229+0000|1099511627861
85899346769|Album 31 of Hao Li|2011-10-29T01:48:48.934+0000|1099511627861
8589935442|Wall of Wolfgang Bauer|2010-05-19T07:29:05.447+0000|1099511627786
51539608403|Wall of Miguel Gonzalez|2011-03-20T10:35:01.763+0000|6597069766688
120259085140|Wall of Anatoly Shevchenko|2012-07-24T02:41:42.077+0000|15393162788948
128849019733|Wall of Lin Zhang|2012-09-03T15:44:29.967+0000|16492674416689
25769804630|Wall of Alexei Feltsman|2010-08-11T02:44:48.819+0000|3298534883367
42949673815|Album 0 of Alexei Feltsman|2011-01-26T08:45:43.631+0000|3298534883367
25769804633|Album 2 of Alexei Feltsman|2010-09-02T21:48:52.413+0000|3298534883367
120259085146|Album 3 of Alexei Feltsman|2012-07-06T02:15:44.458+0000|3298534883367
34359739227|Album 4 of Alexei Feltsman|2010-10-23T21:51:08.065+0000|3298534883367
25769804636|Album 5 of Alexei Feltsman|2010-10-01T11:10:02.840+0000|3298534883367
128849019741|Album 6 of Alexei Feltsman|2012-09-17T04:14:19.142+0000|3298534883367
42949673822|Album 7 of Alexei Feltsman|2010-12-05T15:41:30.323+0000|3298534883367
94489281375|Album 8 of Alexei Feltsman|2012-01-28T10:29:52.099+0000|3298534883367
111669150560|Album 9 of Alexei Feltsman|2012-05-11T20:44:48.447+0000|3298534883367
25769804641|Album 10 of Alexei Feltsman|2010-09-15T23:44:45.520+0000|3298534883367
77309412194|Album 11 of Alexei Feltsman|2011-08-28T08:54:19.589+0000|3298534883367
34359739235|Album 12 of Alexei Feltsman|2010-11-05T01:17:42.318+0000|3298534883367
111669150564|Album 13 of Alexei Feltsman|2012-05-23T18:36:22.634+0000|3298534883367
128849019749|Album 14 of Alexei Feltsman|2012-08-27T03:37:07.864+0000|3298534883367
128849019750|Album 15 of Alexei Feltsman|2012-08-13T17:22:00.623+0000|3298534883367
128849019751|Album 16 of Alexei Feltsman|2012-09-10T20:33:15.860+0000|3298534883367
25769804648|Album 17 of Alexei Feltsman|2010-09-10T08:40:33.854+0000|3298534883367
111669150569|Album 18 of Alexei Feltsman|2012-05-24T06:57:57.885+0000|3298534883367
103079215978|Album 19 of Alexei Feltsman|2012-02-24T10:27:27.552+0000|3298534883367
68719477612|Album 21 of Alexei Feltsman|2011-07-26T06:24:34.028+0000|3298534883367
111669150573|Album 22 of Alexei Feltsman|2012-06-07T19:40:11.848+0000|3298534883367
34359739247|Album 24 of Alexei Feltsman|2010-10-22T15:49:11.247+0000|3298534883367
120259085168|Album 25 of Alexei Feltsman|2012-07-14T09:10:51.187+0000|3298534883367
34359739249|Album 26 of Alexei Feltsman|2010-10-06T02:09:33.965+0000|3298534883367
68719477618|Album 27 of Alexei Feltsman|2011-07-02T05:49:01.582+0000|3298534883367
68719477619|Album 28 of Alexei Feltsman|2011-07-23T15:10:59.030+0000|3298534883367
128849019764|Album 29 of Alexei Feltsman|2012-08-16T00:44:35.692+0000|3298534883367
77309412213|Wall of Jan Zakrzewski|2011-09-04T03:48:08.173+0000|9895604650000
77309412214|Wall of Yang Li|2011-08-26T20:41:44.142+0000|9895604649984
85899346807|Album 0 of Yang Li|2011-10-28T00:55:02.746+0000|9895604649984
94489281401|Album 2 of Yang Li|2012-01-21T22:26:09.347+0000|9895604649984
111669150586|Album 3 of Yang Li|2012-04-16T19:16:08.355+0000|9895604649984
120259085179|Album 4 of Yang Li|2012-07-20T13:13:54.643+0000|9895604649984
103079215996|Album 5 of Yang Li|2012-03-23T03:24:47.058+0000|9895604649984
120259085181|Album 6 of Yang Li|2012-08-10T07:57:36.221+0000|9895604649984
77309412222|Album 7 of Yang Li|2011-09-08T02:45:48.606+0000|9895604649984
94489281407|Album 8 of Yang Li|2012-01-26T11:25:51.184+0000|9895604649984
94489281408|Album 9 of Yang Li|2012-01-01T22:17:20.540+0000|9895604649984
103079216001|Album 10 of Yang Li|2012-02-12T16:25:09.932+0000|9895604649984
103079216003|Album 12 of Yang Li|2012-04-02T20:57:26.521+0000|9895604649984
94489281412|Album 13 of Yang Li|2011-12-17T00:05:16.748+0000|9895604649984
103079216005|Album 14 of Yang Li|2012-03-06T04:43:32.473+0000|9895604649984
128849019782|Album 15 of Yang Li|2012-09-25T03:07:31.613+0000|9895604649984
60129543048|Wall of Lei Zhang|2011-04-29T11:46:35.151+0000|7696581394461
128849019785|Wall of Roberto Diaz|2012-09-06T09:01:43.641+0000|16492674416674
25769804685|Wall of Wei Wei|2010-09-30T23:24:44.501+0000|3298534883365
85899346830|Album 0 of Wei Wei|2011-11-17T04:49:35.263+0000|3298534883365
34359739279|Album 1 of Wei Wei|2010-10-18T06:18:08.472+0000|3298534883365
68719477648|Album 2 of Wei Wei|2011-07-13T19:31:26.327+0000|3298534883365
77309412241|Album 3 of Wei Wei|2011-08-15T07:55:50.056+0000|3298534883365
42949673874|Album 4 of Wei Wei|2010-12-15T12:10:47.838+0000|3298534883365
68719477651|Album 5 of Wei Wei|2011-06-18T21:29:35.023+0000|3298534883365
51539608468|Album 6 of Wei Wei|2011-04-02T12:30:10.165+0000|3298534883365
42949673877|Album 7 of Wei Wei|2011-01-15T06:08:56.191+0000|3298534883365
60129543062|Album 8 of Wei Wei|2011-05-10T14:10:43.999+0000|3298534883365
51539608471|Album 9 of Wei Wei|2011-02-19T05:35:01.351+0000|3298534883365
42949673880|Album 10 of Wei Wei|2010-12-16T21:25:46.561+0000|3298534883365
94489281433|Album 11 of Wei Wei|2012-01-16T05:07:48.162+0000|3298534883365
120259085210|Album 12 of Wei Wei|2012-08-06T16:56:51.191+0000|3298534883365
42949673883|Album 13 of Wei Wei|2011-01-15T12:16:33.046+0000|3298534883365
111669150620|Album 14 of Wei Wei|2012-05-20T18:30:42.202+0000|3298534883365
111669150621|Album 15 of Wei Wei|2012-05-24T17:52:50.170+0000|3298534883365
85899346846|Album 16 of Wei Wei|2011-11-14T12:17:37.071+0000|3298534883365
85899346848|Album 18 of Wei Wei|2011-10-31T09:00:51.691+0000|3298534883365
85899346849|Album 19 of Wei Wei|2011-10-17T16:12:36.438+0000|3298534883365
128849019810|Album 20 of Wei Wei|2012-09-07T05:30:58.504+0000|3298534883365
60129543075|Album 21 of Wei Wei|2011-05-29T22:44:41.626+0000|3298534883365
77309412260|Album 22 of Wei Wei|2011-08-31T12:39:27.726+0000|3298534883365
51539608485|Album 23 of Wei Wei|2011-03-10T09:29:00.670+0000|3298534883365
128849019815|Album 25 of Wei Wei|2012-09-04T01:15:21.522+0000|3298534883365
94489281449|Album 27 of Wei Wei|2012-01-18T11:30:35.194+0000|3298534883365
