id|firstName|lastName|gender|birthday|creationDate|locationIP|browserUsed|place
12094627905604|Mirza Kalich|Ali|male|1989-11-02|2012-02-04T06:37:59.956+0000|175.111.0.55|Firefox|794
2199023255625|Cheng|Chen|male|1981-12-06|2010-07-12T15:33:44.057+0000|27.98.233.59|Internet Explorer|330
2199023255600|Adje van den Berg|Vries|female|1986-08-07|2010-07-14T22:01:21.407+0000|192.101.114.157|Firefox|1253
16492674416673|Ali|Ferrer|female|1981-06-30|2012-08-26T07:34:09.342+0000|195.39.218.25|Safari|973
2199023255611|Chen|Yang|female|1982-08-28|2010-07-24T07:48:35.041+0000|1.2.2.172|Firefox|427
13194139533352|Celso|Oliveira|male|1988-09-23|2012-02-10T04:38:21.900+0000|198.184.161.200|Chrome|590
3298534883391|Fritz|Engel|female|1987-02-02|2010-08-07T11:14:24.113+0000|31.15.70.125|Firefox|602
5497558138966|Alejandro|Rodriguez|male|1982-12-24|2011-01-22T05:54:53.357+0000|187.177.192.185|Chrome|728
14293651161159|Albaye Papa|Diouf|female|1983-01-18|2012-05-14T21:39:55.345+0000|196.1.92.16|Internet Explorer|1327
2199023255633|Adrian|Bravo|female|1984-05-04|2010-08-02T14:43:44.932+0000|187.138.134.253|Internet Explorer|732
13194139533342|Joakim|Larsson|female|1980-04-23|2012-03-28T12:03:20.835+0000|209.95.156.119|Internet Explorer|1375
2199023255565|Mehmet|Koksal|female|1988-01-04|2010-07-28T13:31:48.618+0000|89.19.15.175|Firefox|1416
15393162788910|Alejandro|Garcia|male|1987-01-16|2012-07-16T06:24:26.645+0000|189.211.53.44|Firefox|753
3298534883383|Luis|Alonso|male|1982-12-25|2010-09-29T22:17:47.667+0000|200.14.52.182|Internet Explorer|1079
12094627905580|Alexei|Kahnovich|female|1985-07-12|2012-01-10T13:46:31.030+0000|2.62.32.63|Internet Explorer|844
9895604650009|Luigi|Colombo|male|1986-11-21|2011-08-19T05:51:09.287+0000|46.30.174.108|Internet Explorer|1181
12094627905563|Wojciech|Ciesla|male|1986-01-07|2012-02-01T14:38:13.105+0000|46.174.229.243|Internet Explorer|1286
7696581394433|Evangelos|Alkaios|male|1987-02-05|2011-05-25T03:08:17.816+0000|31.177.56.248|Internet Explorer|1151
10995116277857|Zhi|Zhang|male|1981-07-19|2011-11-25T09:43:14.196+0000|1.92.228.121|Internet Explorer|372
15393162788920|Otto|Redl|male|1983-04-25|2012-06-19T22:01:26.795+0000|31.43.93.97|Firefox|1090
96|Anson|Chen|female|1981-12-25|2010-02-17T11:10:27.592+0000|1.4.7.38|Chrome|416
3298534883331|Aleksandr|Efimkin|male|1981-09-08|2010-09-20T03:08:58.159+0000|31.29.176.238|Internet Explorer|869
10995116277811|Oleg|Bazayev|female|1989-10-13|2011-11-24T04:18:32.796+0000|89.250.92.152|Chrome|1182
9895604650074|Cam|Loan|female|1982-06-09|2011-09-23T00:25:07.137+0000|180.214.238.250|Firefox|946
10995116277826|Jie|Li|male|1980-11-10|2011-10-13T20:30:38.614+0000|1.8.197.101|Chrome|377
3298534883350|Ken|Yamada|male|1986-11-12|2010-09-11T18:26:26.822+0000|27.114.117.247|Internet Explorer|702
12094627905543|Jun|Li|female|1987-10-06|2012-01-29T06:56:39.032+0000|27.41.209.192|Chrome|495
9895604650020|Yang|Liu|male|1986-09-27|2011-09-21T05:11:15.212+0000|1.4.4.161|Chrome|455
2199023255602|Alec|Lin|female|1983-01-03|2010-06-27T04:24:33.354+0000|59.105.186.186|Firefox|1310
10995116277764|Bryn|Davies|male|1985-07-03|2011-11-06T00:23:31.981+0000|31.222.75.131|Internet Explorer|556
12094627905628|Abdoulaye Khouma|Dia|male|1986-08-17|2012-01-24T09:45:28.549+0000|41.208.187.206|Firefox|1328
6597069766676|Yahya Ould Ahmed El|Abdallahi|male|1989-02-28|2011-02-07T18:51:47.023+0000|41.138.128.120|Internet Explorer|533
4398046511193|Cheng|Yang|male|1983-11-20|2010-11-09T03:45:29.161+0000|1.207.210.218|Firefox|480
9895604650037|Babar|Khan|female|1986-05-08|2011-09-23T17:48:39.292+0000|180.149.219.252|Firefox|767
6597069766664|Djelaludin|Zaland|male|1983-06-23|2011-03-25T15:35:44.426+0000|175.106.62.55|Internet Explorer|962
8796093022286|Tamas|Gabor|male|1988-08-29|2011-07-30T15:21:59.273+0000|80.244.104.27|Internet Explorer|1155
8796093022231|John|Johnson|male|1989-06-08|2011-06-23T06:50:53.389+0000|23.19.112.38|Firefox|880
5497558138885|Eric|Mettacara|male|1989-09-05|2011-01-19T20:48:13.850+0000|61.4.70.129|Firefox|1018
12094627905619|Aleksandr|Dobrunov|male|1982-02-13|2012-01-27T11:09:37.768+0000|31.44.85.120|Chrome|856
10995116277771|Cheng|Wei|male|1981-05-08|2011-11-17T00:12:03.931+0000|14.0.3.125|Chrome|350
8796093022217|Alim|Guliyev|female|1984-11-07|2011-07-10T16:43:59.636+0000|213.172.70.115|Firefox|512
3298534883397|Masahiro|Sato|male|1980-07-08|2010-08-22T08:42:12.471+0000|27.96.16.2|Chrome|698
4398046511186|Alexei|Codreanu|male|1983-10-27|2010-11-30T23:36:27.929+0000|194.28.115.128|Chrome|1229
13194139533324|Jose|Alonso|female|1987-09-18|2012-03-17T12:41:01.645+0000|200.5.15.1|Internet Explorer|1077
3298534883392|Jorge|Araujo Castro|female|1980-12-21|2010-09-08T12:58:06.265+0000|190.13.20.59|Opera|1065
12094627905567|Otto|Richter|male|1982-11-12|2012-01-10T18:27:50.519+0000|46.1.161.149|Firefox|607
2199023255593|Yang|Wang|male|1986-09-22|2010-06-19T00:14:14.976+0000|1.2.15.31|Safari|385
6597069766710|Peng|Yang|female|1985-09-17|2011-03-17T23:30:01.008+0000|27.99.195.237|Internet Explorer|331
3298534883405|Karl|Fischer|female|1986-06-11|2010-09-01T15:37:24.032+0000|31.172.105.254|Chrome|607
7696581394520|Chong|Zhang|male|1983-01-20|2011-06-06T22:28:42.927+0000|1.118.167.195|Chrome|483
9895604650036|Akira|Yamamoto|female|1983-01-15|2011-08-30T23:53:43.370+0000|14.192.56.217|Chrome|681
7696581394490|Amy|Chen|female|1985-11-07|2011-05-28T18:53:49.614+0000|122.129.125.225|Chrome|1212
1099511627782|Baby|Yang|male|1985-09-20|2010-05-14T21:18:38.824+0000|1.91.255.137|Internet Explorer|497
15393162788888|Jie|Yang|male|1980-12-29|2012-06-26T15:30:15.165+0000|27.54.227.49|Firefox|417
13194139533350|Alfonso|Rodriguez|female|1984-05-11|2012-03-13T22:08:16.056+0000|189.204.77.143|Internet Explorer|750
10995116277851|Chong|Liu|male|1984-07-19|2011-12-05T12:57:28.446+0000|27.121.124.178|Chrome|326
12094627905550|Hossein|Forouhar|male|1984-04-11|2012-01-24T23:44:58.750+0000|80.242.6.167|Firefox|1170
16492674416675|Ayesha|Ahmed|male|1988-12-13|2012-09-08T06:53:28.961+0000|103.4.95.154|Chrome|789
5497558138940|Paul|Becker|female|1990-01-10|2011-01-15T00:04:57.072+0000|31.25.155.229|Opera|636
13194139533405|Pablo|Bernal|female|1986-01-12|2012-02-13T03:00:15.938+0000|190.11.62.125|Firefox|980
7696581394474|Ali|Achiou|female|1981-04-11|2011-05-15T01:38:49.734+0000|41.220.144.245|Firefox|970
7696581394479|Tissa|Perera|male|1983-06-09|2011-05-26T14:44:53.629+0000|220.247.197.229|Safari|1362
6597069766675|Jimmy|Burak|female|1984-09-01|2011-02-19T11:18:44.286+0000|196.12.14.141|Firefox|1458
6597069766735|Jose|Pereira|male|1980-08-18|2011-02-28T13:46:36.060+0000|84.23.196.223|Firefox|1296
94|Jun|Hu|female|1980-08-16|2010-02-06T17:34:13.740+0000|1.0.15.231|Firefox|335
12094627905635|Chen|Zhu|female|1980-10-02|2012-01-28T00:43:39.514+0000|1.10.11.61|Chrome|426
17592186044483|Francisco|Reyes|female|1985-10-21|2012-10-12T03:26:42.403+0000|115.42.124.203|Firefox|804
65|Marc|Ravalomanana|female|1989-06-15|2010-03-29T22:17:18.465+0000|41.204.124.157|Firefox|1207
14293651161162|Li|Zhang|female|1983-08-08|2012-04-14T21:08:03.259+0000|1.185.69.240|Firefox|435
14293651161168|Abdul Jamil|Qureshi|female|1983-01-17|2012-05-18T15:44:44.056+0000|110.34.33.62|Firefox|794
7696581394434|Abdul Haris|Tobing|female|1989-12-12|2011-05-04T23:38:17.501+0000|103.3.209.11|Chrome|673
2199023255628|Jae-Jin|Park|male|1989-04-10|2010-07-24T07:44:05.241+0000|27.118.77.99|Chrome|1348
9895604650002|Neil|Murray|female|1982-09-15|2011-09-27T10:39:15.492+0000|41.76.112.129|Firefox|1338
5497558138908|Hans|Johansson|female|1982-05-28|2011-01-11T11:19:04.847+0000|62.247.207.42|Firefox|1369
8796093022253|Ali|Abouba|male|1987-06-29|2011-07-30T22:20:22.909+0000|41.190.231.209|Internet Explorer|1268
16492674416738|Wei|Hu|female|1989-06-10|2012-09-28T14:05:36.410+0000|27.54.75.13|Internet Explorer|337
8796093022251|Chen|Li|female|1987-12-25|2011-06-28T08:50:38.828+0000|1.0.1.30|Chrome|348
1099511627861|Hao|Li|male|1985-12-26|2010-05-29T03:16:08.277+0000|27.113.157.227|Internet Explorer|423
1099511627786|Wolfgang|Bauer|male|1989-11-20|2010-05-19T07:28:55.447+0000|2.171.80.164|Internet Explorer|634
6597069766688|Miguel|Gonzalez|male|1981-10-18|2011-03-20T10:34:51.763+0000|189.241.128.207|Chrome|740
15393162788948|Anatoly|Shevchenko|female|1980-12-23|2012-07-24T02:41:32.077+0000|46.149.161.116|Firefox|1426
16492674416689|Lin|Zhang|male|1981-05-01|2012-09-03T15:44:19.967+0000|27.50.186.50|Safari|344
3298534883367|Alexei|Feltsman|female|1985-12-05|2010-08-11T02:44:38.819+0000|31.28.5.32|Firefox|861
9895604650000|Jan|Zakrzewski|female|1986-08-05|2011-09-04T03:47:58.173+0000|46.134.160.220|Chrome|1288
9895604649984|Yang|Li|male|1985-03-27|2011-08-26T20:41:34.142+0000|1.2.56.235|Internet Explorer|485
7696581394461|Lei|Zhang|male|1986-08-23|2011-04-29T11:46:25.151+0000|27.152.223.174|Firefox|453
16492674416674|Roberto|Diaz|female|1980-08-08|2012-09-06T09:01:33.641+0000|186.157.33.68|Firefox|976
3298534883365|Wei|Wei|female|1985-03-14|2010-09-30T23:24:34.501+0000|1.50.49.76|Internet Explorer|504
