Person.id|Tag.id
12094627905604|281
12094627905604|1401
12094627905604|2042
12094627905604|2778
12094627905604|5115
12094627905604|7564
12094627905604|9272
2199023255625|6
2199023255625|418
2199023255625|976
2199023255625|1170
2199023255625|1199
2199023255625|1454
2199023255625|1989
2199023255625|2797
2199023255625|2999
2199023255625|6437
2199023255625|7015
2199023255625|9058
2199023255625|9163
2199023255625|11742
2199023255625|12002
2199023255600|243
2199023255600|1548
2199023255600|2928
2199023255600|2951
2199023255600|3020
2199023255600|6938
16492674416673|139
16492674416673|142
16492674416673|290
16492674416673|468
16492674416673|469
16492674416673|573
16492674416673|973
16492674416673|1025
16492674416673|1192
16492674416673|1205
16492674416673|1403
16492674416673|1450
16492674416673|1684
16492674416673|1754
16492674416673|1758
16492674416673|1759
16492674416673|1908
16492674416673|2001
16492674416673|2003
16492674416673|2021
16492674416673|2028
16492674416673|2071
16492674416673|2076
16492674416673|2084
16492674416673|2792
16492674416673|2817
16492674416673|2821
16492674416673|2830
16492674416673|2848
16492674416673|2856
16492674416673|2879
16492674416673|2910
16492674416673|2941
16492674416673|2959
16492674416673|2990
16492674416673|3089
16492674416673|3090
16492674416673|3091
16492674416673|3096
16492674416673|5078
16492674416673|5133
16492674416673|5176
16492674416673|5191
16492674416673|5196
16492674416673|5546
16492674416673|6354
16492674416673|6368
16492674416673|6456
16492674416673|6945
16492674416673|6954
16492674416673|7545
16492674416673|7897
16492674416673|9170
16492674416673|9227
16492674416673|9299
16492674416673|10414
16492674416673|10449
16492674416673|11875
16492674416673|13400
16492674416673|14846
2199023255611|138
2199023255611|448
2199023255611|545
2199023255611|565
2199023255611|567
2199023255611|568
2199023255611|575
2199023255611|776
2199023255611|777
2199023255611|791
2199023255611|796
2199023255611|1153
2199023255611|1170
2199023255611|1171
2199023255611|1176
2199023255611|1183
2199023255611|1207
2199023255611|1403
2199023255611|1444
2199023255611|1452
2199023255611|1504
2199023255611|1667
2199023255611|1669
2199023255611|1680
2199023255611|1771
2199023255611|1985
2199023255611|1986
2199023255611|1987
2199023255611|1993
2199023255611|2000
2199023255611|2028
2199023255611|2040
2199023255611|2044
2199023255611|2050
2199023255611|2073
2199023255611|2075
2199023255611|2077
2199023255611|2782
2199023255611|2788
2199023255611|2811
2199023255611|2824
2199023255611|2831
2199023255611|2832
2199023255611|2839
2199023255611|2847
2199023255611|2848
2199023255611|2872
2199023255611|2905
2199023255611|2959
2199023255611|2965
2199023255611|3047
2199023255611|5078
2199023255611|5191
2199023255611|6368
2199023255611|6385
2199023255611|6456
2199023255611|6978
2199023255611|6987
2199023255611|6993
2199023255611|7519
2199023255611|7520
2199023255611|7572
2199023255611|8769
2199023255611|9095
2199023255611|9150
2199023255611|9163
2199023255611|9170
2199023255611|9188
2199023255611|10028
2199023255611|11379
2199023255611|11408
2199023255611|11644
2199023255611|11695
2199023255611|11745
2199023255611|15443
13194139533352|140
13194139533352|143
13194139533352|145
13194139533352|288
13194139533352|416
13194139533352|522
13194139533352|588
13194139533352|777
13194139533352|781
13194139533352|1171
13194139533352|1178
13194139533352|1195
13194139533352|1682
13194139533352|1908
13194139533352|1995
13194139533352|2001
13194139533352|2007
13194139533352|2012
13194139533352|2020
13194139533352|2026
13194139533352|2033
13194139533352|2038
13194139533352|2053
13194139533352|2063
13194139533352|2068
13194139533352|2777
13194139533352|2778
13194139533352|2782
13194139533352|2784
13194139533352|2788
13194139533352|2790
13194139533352|2809
13194139533352|2821
13194139533352|2836
13194139533352|2844
13194139533352|2876
13194139533352|2880
13194139533352|2904
13194139533352|2912
13194139533352|2918
13194139533352|2924
13194139533352|2932
13194139533352|2957
13194139533352|3001
13194139533352|3020
13194139533352|3047
13194139533352|3050
13194139533352|3065
13194139533352|3069
13194139533352|3081
13194139533352|3107
13194139533352|5085
13194139533352|6228
13194139533352|6400
13194139533352|6637
13194139533352|6674
13194139533352|7380
13194139533352|7545
13194139533352|7587
13194139533352|8247
13194139533352|8400
13194139533352|9195
13194139533352|9227
13194139533352|9238
13194139533352|9637
13194139533352|9682
13194139533352|12936
13194139533352|13051
13194139533352|14063
13194139533352|14846
3298534883391|294
3298534883391|1183
3298534883391|1381
3298534883391|2028
3298534883391|2999
3298534883391|3052
3298534883391|3074
3298534883391|7526
3298534883391|10146
5497558138966|138
5497558138966|578
5497558138966|974
5497558138966|1172
5497558138966|1177
5497558138966|1186
5497558138966|1188
5497558138966|1986
5497558138966|2788
5497558138966|2797
5497558138966|5184
5497558138966|5191
5497558138966|5192
5497558138966|6418
5497558138966|9063
5497558138966|9479
5497558138966|11254
5497558138966|11408
14293651161159|4870
14293651161159|7968
2199023255633|565
2199023255633|777
2199023255633|783
2199023255633|785
2199023255633|796
2199023255633|1178
2199023255633|1418
2199023255633|1546
2199023255633|1669
2199023255633|1674
2199023255633|1984
2199023255633|1987
2199023255633|2019
2199023255633|2102
2199023255633|2109
2199023255633|2115
2199023255633|2778
2199023255633|2792
2199023255633|2864
2199023255633|2872
2199023255633|2886
2199023255633|2948
2199023255633|3022
2199023255633|3060
2199023255633|3068
2199023255633|5012
2199023255633|5193
2199023255633|5848
2199023255633|6360
2199023255633|6413
2199023255633|6456
2199023255633|6952
2199023255633|6976
2199023255633|8264
2199023255633|8313
2199023255633|9058
2199023255633|9163
2199023255633|10222
2199023255633|10749
2199023255633|12539
2199023255633|12901
2199023255633|13821
2199023255633|14387
2199023255633|14779
13194139533342|6
13194139533342|138
13194139533342|206
13194139533342|569
13194139533342|588
13194139533342|590
13194139533342|774
13194139533342|781
13194139533342|787
13194139533342|801
13194139533342|973
13194139533342|1170
13194139533342|1172
13194139533342|1173
13194139533342|1178
13194139533342|1179
13194139533342|1180
13194139533342|1184
13194139533342|1185
13194139533342|1186
13194139533342|1189
13194139533342|1198
13194139533342|1545
13194139533342|1616
13194139533342|1759
13194139533342|1762
13194139533342|1940
13194139533342|1984
13194139533342|1985
13194139533342|1989
13194139533342|1996
13194139533342|2001
13194139533342|2005
13194139533342|2014
13194139533342|2015
13194139533342|2032
13194139533342|2102
13194139533342|2779
13194139533342|2786
13194139533342|2792
13194139533342|2808
13194139533342|2878
13194139533342|5192
13194139533342|6400
13194139533342|6404
13194139533342|6409
13194139533342|6411
13194139533342|6413
13194139533342|6418
13194139533342|6945
13194139533342|6954
13194139533342|7015
13194139533342|7522
13194139533342|9098
13194139533342|9170
13194139533342|9486
13194139533342|10449
13194139533342|11302
13194139533342|11408
13194139533342|11541
13194139533342|11557
13194139533342|11695
13194139533342|11742
2199023255565|288
2199023255565|566
2199023255565|572
2199023255565|1199
2199023255565|1759
2199023255565|1984
2199023255565|2017
2199023255565|2062
2199023255565|2076
2199023255565|2088
2199023255565|2097
2199023255565|2782
2199023255565|2811
2199023255565|2866
2199023255565|2888
2199023255565|2907
2199023255565|2916
2199023255565|2917
2199023255565|3074
2199023255565|3076
2199023255565|3091
2199023255565|3103
2199023255565|4843
2199023255565|4848
2199023255565|4961
2199023255565|5183
2199023255565|5478
2199023255565|6369
2199023255565|6409
2199023255565|6412
2199023255565|6940
2199023255565|7509
2199023255565|7522
15393162788910|205
15393162788910|468
15393162788910|1192
15393162788910|1417
15393162788910|2116
15393162788910|2780
15393162788910|2927
15393162788910|2963
15393162788910|7564
3298534883383|558
12094627905580|800
12094627905580|1021
12094627905580|1023
12094627905580|1595
12094627905580|1671
12094627905580|1985
12094627905580|2031
12094627905580|2043
12094627905580|2777
12094627905580|2782
12094627905580|2914
12094627905580|2941
12094627905580|3039
12094627905580|5742
12094627905580|8900
12094627905580|8969
9895604650009|1735
9895604650009|2787
9895604650009|2804
9895604650009|2835
12094627905563|589
12094627905563|778
12094627905563|1173
12094627905563|1176
12094627905563|1614
12094627905563|1616
12094627905563|1763
12094627905563|1773
12094627905563|1998
12094627905563|2020
12094627905563|2073
12094627905563|2103
12094627905563|2106
12094627905563|2779
12094627905563|2782
12094627905563|2788
12094627905563|2805
12094627905563|2807
12094627905563|2825
12094627905563|2827
12094627905563|2837
12094627905563|2851
12094627905563|2852
12094627905563|2888
12094627905563|2895
12094627905563|3066
12094627905563|3099
12094627905563|3114
12094627905563|5118
12094627905563|5152
12094627905563|5174
12094627905563|6063
12094627905563|6362
12094627905563|6374
12094627905563|6383
12094627905563|7012
12094627905563|7015
12094627905563|7061
12094627905563|7330
12094627905563|7523
12094627905563|8522
12094627905563|9058
12094627905563|11377
12094627905563|13289
7696581394433|139
7696581394433|461
7696581394433|567
7696581394433|976
7696581394433|1031
7696581394433|1173
7696581394433|1190
7696581394433|1410
7696581394433|2038
7696581394433|2091
7696581394433|2850
7696581394433|2889
7696581394433|3030
7696581394433|5380
7696581394433|7598
10995116277857|6
10995116277857|569
10995116277857|594
10995116277857|1178
10995116277857|1180
10995116277857|1940
10995116277857|1988
10995116277857|1996
10995116277857|2023
10995116277857|2051
10995116277857|5085
10995116277857|6945
10995116277857|6964
10995116277857|9170
10995116277857|11247
10995116277857|11625
15393162788920|1669
15393162788920|4870
96|6
96|573
96|974
96|978
96|1760
96|5085
96|6413
96|7015
96|12002
3298534883331|1940
3298534883331|6413
10995116277811|779
10995116277811|785
10995116277811|809
10995116277811|1644
10995116277811|1952
10995116277811|2834
10995116277811|2850
10995116277811|2874
10995116277811|6360
10995116277811|6940
10995116277811|7522
9895604650074|1498
9895604650074|1614
9895604650074|7509
10995116277826|985
10995116277826|9097
3298534883350|6
3298534883350|142
3298534883350|522
3298534883350|568
3298534883350|786
3298534883350|798
3298534883350|976
3298534883350|1154
3298534883350|1186
3298534883350|1197
3298534883350|1546
3298534883350|1999
3298534883350|2028
3298534883350|2042
3298534883350|2062
3298534883350|2110
3298534883350|2111
3298534883350|2779
3298534883350|2784
3298534883350|2786
3298534883350|2787
3298534883350|2789
3298534883350|2801
3298534883350|2808
3298534883350|2814
3298534883350|2836
3298534883350|2847
3298534883350|2863
3298534883350|2876
3298534883350|2900
3298534883350|2914
3298534883350|2927
3298534883350|2928
3298534883350|2979
3298534883350|3008
3298534883350|3104
3298534883350|3111
3298534883350|5124
3298534883350|5184
3298534883350|5305
3298534883350|5580
3298534883350|6368
3298534883350|6451
3298534883350|6568
3298534883350|6980
3298534883350|7012
3298534883350|7507
3298534883350|7519
3298534883350|7545
3298534883350|7857
3298534883350|9163
3298534883350|9170
12094627905543|6
12094627905543|576
12094627905543|774
12094627905543|973
12094627905543|976
12094627905543|1178
12094627905543|1179
12094627905543|1194
12094627905543|1195
12094627905543|1205
12094627905543|1547
12094627905543|1984
12094627905543|2067
12094627905543|5174
12094627905543|6945
12094627905543|7015
12094627905543|7516
12094627905543|11254
12094627905543|11695
9895604650020|6
9895604650020|148
9895604650020|205
9895604650020|417
9895604650020|418
9895604650020|470
9895604650020|545
9895604650020|565
9895604650020|566
9895604650020|573
9895604650020|578
9895604650020|584
9895604650020|588
9895604650020|594
9895604650020|775
9895604650020|778
9895604650020|781
9895604650020|808
9895604650020|973
9895604650020|976
9895604650020|978
9895604650020|1164
9895604650020|1170
9895604650020|1172
9895604650020|1173
9895604650020|1174
9895604650020|1176
9895604650020|1178
9895604650020|1179
9895604650020|1180
9895604650020|1185
9895604650020|1187
9895604650020|1206
9895604650020|1207
9895604650020|1454
9895604650020|1547
9895604650020|1615
9895604650020|1617
9895604650020|1669
9895604650020|1679
9895604650020|1762
9895604650020|1765
9895604650020|1863
9895604650020|1909
9895604650020|1910
9895604650020|1940
9895604650020|1989
9895604650020|2001
9895604650020|2045
9895604650020|2067
9895604650020|2068
9895604650020|2070
9895604650020|2075
9895604650020|2086
9895604650020|2789
9895604650020|2801
9895604650020|2870
9895604650020|5085
9895604650020|5118
9895604650020|5191
9895604650020|5192
9895604650020|6409
9895604650020|6413
9895604650020|6418
9895604650020|6945
9895604650020|7005
9895604650020|7015
9895604650020|7380
9895604650020|9058
9895604650020|9098
9895604650020|11247
9895604650020|11250
9895604650020|11254
9895604650020|11379
9895604650020|11557
9895604650020|11628
9895604650020|11644
9895604650020|11742
9895604650020|12002
2199023255602|138
2199023255602|206
2199023255602|279
2199023255602|416
2199023255602|417
2199023255602|418
2199023255602|458
2199023255602|575
2199023255602|588
2199023255602|590
2199023255602|778
2199023255602|782
2199023255602|793
2199023255602|806
2199023255602|977
2199023255602|1023
2199023255602|1178
2199023255602|1200
2199023255602|1206
2199023255602|1451
2199023255602|1505
2199023255602|1615
2199023255602|1667
2199023255602|1680
2199023255602|1682
2199023255602|1762
2199023255602|1768
2199023255602|1953
2199023255602|1985
2199023255602|1986
2199023255602|1995
2199023255602|2003
2199023255602|2005
2199023255602|2012
2199023255602|2037
2199023255602|2040
2199023255602|2066
2199023255602|2068
2199023255602|2105
2199023255602|2777
2199023255602|2778
2199023255602|2780
2199023255602|2784
2199023255602|2785
2199023255602|2789
2199023255602|2795
2199023255602|2837
2199023255602|2851
2199023255602|2853
2199023255602|2857
2199023255602|2914
2199023255602|2930
2199023255602|2937
2199023255602|2960
2199023255602|2978
2199023255602|2985
2199023255602|3000
2199023255602|3062
2199023255602|4844
2199023255602|5056
2199023255602|5085
2199023255602|5132
2199023255602|5185
2199023255602|6413
2199023255602|6945
2199023255602|6962
2199023255602|7005
2199023255602|7025
2199023255602|7509
2199023255602|7519
2199023255602|7579
2199023255602|9141
2199023255602|9209
2199023255602|9293
2199023255602|9310
2199023255602|9317
2199023255602|11695
10995116277764|205
10995116277764|279
10995116277764|293
10995116277764|575
10995116277764|595
10995116277764|774
10995116277764|791
10995116277764|798
10995116277764|865
10995116277764|975
10995116277764|1452
10995116277764|1614
10995116277764|1749
10995116277764|1764
10995116277764|1766
10995116277764|1863
10995116277764|1984
10995116277764|1985
10995116277764|1988
10995116277764|1989
10995116277764|1991
10995116277764|1994
10995116277764|1995
10995116277764|2004
10995116277764|2019
10995116277764|2113
10995116277764|2114
10995116277764|2116
10995116277764|2779
10995116277764|2784
10995116277764|2800
10995116277764|2802
10995116277764|2829
10995116277764|2831
10995116277764|2850
10995116277764|2877
10995116277764|2880
10995116277764|2894
10995116277764|2904
10995116277764|2916
10995116277764|2926
10995116277764|2954
10995116277764|2973
10995116277764|2978
10995116277764|3025
10995116277764|3065
10995116277764|3079
10995116277764|3089
10995116277764|3093
10995116277764|3101
10995116277764|5114
10995116277764|5116
10995116277764|5147
10995116277764|5174
10995116277764|5511
10995116277764|5977
10995116277764|6268
10995116277764|6360
10995116277764|6394
10995116277764|7523
10995116277764|7896
10995116277764|9727
10995116277764|10222
10995116277764|10956
10995116277764|12380
12094627905628|1908
6597069766676|6
6597069766676|62
6597069766676|288
6597069766676|565
6597069766676|788
6597069766676|792
6597069766676|1173
6597069766676|1182
6597069766676|1501
6597069766676|1676
6597069766676|1769
6597069766676|1988
6597069766676|1990
6597069766676|1994
6597069766676|2000
6597069766676|2101
6597069766676|2777
6597069766676|2811
6597069766676|2838
6597069766676|2855
6597069766676|2867
6597069766676|2869
6597069766676|2881
6597069766676|5115
6597069766676|5170
6597069766676|6409
6597069766676|7252
6597069766676|9144
6597069766676|9170
6597069766676|9209
6597069766676|9790
4398046511193|6
4398046511193|781
4398046511193|1191
4398046511193|2001
4398046511193|2075
4398046511193|5085
4398046511193|6945
4398046511193|9174
4398046511193|11541
9895604650037|587
9895604650037|1166
9895604650037|1451
9895604650037|2097
9895604650037|2787
9895604650037|2872
9895604650037|2916
9895604650037|5161
9895604650037|10037
6597069766664|1185
6597069766664|1430
6597069766664|6940
6597069766664|7904
8796093022286|292
8796093022286|293
8796093022286|790
8796093022286|974
8796093022286|1022
8796093022286|1175
8796093022286|1682
8796093022286|1952
8796093022286|1970
8796093022286|2017
8796093022286|2041
8796093022286|2047
8796093022286|2084
8796093022286|2792
8796093022286|2793
8796093022286|2804
8796093022286|2833
8796093022286|2834
8796093022286|2879
8796093022286|2888
8796093022286|2948
8796093022286|2966
8796093022286|3028
8796093022286|3040
8796093022286|3047
8796093022286|3095
8796093022286|3097
8796093022286|3101
8796093022286|3111
8796093022286|4878
8796093022286|5063
8796093022286|5085
8796093022286|5176
8796093022286|5303
8796093022286|5478
8796093022286|5762
8796093022286|6438
8796093022286|6550
8796093022286|6931
8796093022286|6940
8796093022286|7012
8796093022286|7354
8796093022286|7600
8796093022286|7602
8796093022286|7750
8796093022286|7846
8796093022286|8976
8796093022286|10817
8796093022286|11258
8796093022286|12002
8796093022231|140
8796093022231|148
8796093022231|206
8796093022231|299
8796093022231|416
8796093022231|544
8796093022231|565
8796093022231|775
8796093022231|776
8796093022231|793
8796093022231|804
8796093022231|809
8796093022231|1031
8796093022231|1183
8796093022231|1185
8796093022231|1190
8796093022231|1206
8796093022231|1421
8796093022231|1440
8796093022231|1681
8796093022231|1769
8796093022231|1984
8796093022231|1985
8796093022231|1988
8796093022231|1990
8796093022231|1992
8796093022231|1993
8796093022231|2037
8796093022231|2047
8796093022231|2063
8796093022231|2086
8796093022231|2090
8796093022231|2098
8796093022231|2114
8796093022231|2777
8796093022231|2780
8796093022231|2786
8796093022231|2787
8796093022231|2790
8796093022231|2818
8796093022231|2829
8796093022231|2830
8796093022231|2872
8796093022231|2879
8796093022231|2892
8796093022231|2913
8796093022231|2939
8796093022231|2941
8796093022231|2949
8796093022231|2960
8796093022231|2974
8796093022231|3018
8796093022231|3037
8796093022231|3058
8796093022231|5116
8796093022231|5120
8796093022231|5316
8796093022231|5488
8796093022231|5666
8796093022231|6063
8796093022231|6081
8796093022231|6361
8796093022231|6368
8796093022231|6424
8796093022231|6981
8796093022231|7032
8796093022231|7380
8796093022231|7564
8796093022231|7580
8796093022231|7943
8796093022231|9141
8796093022231|9329
8796093022231|9474
8796093022231|9526
8796093022231|10561
8796093022231|11625
8796093022231|13961
5497558138885|782
5497558138885|1206
5497558138885|1667
5497558138885|2850
5497558138885|4844
12094627905619|1611
10995116277771|6
10995116277771|976
8796093022217|287
8796093022217|575
8796093022217|577
8796093022217|590
8796093022217|775
8796093022217|800
8796093022217|806
8796093022217|1154
8796093022217|1532
8796093022217|1669
8796093022217|1671
8796093022217|1684
8796093022217|1747
8796093022217|1909
8796093022217|1911
8796093022217|1930
8796093022217|1985
8796093022217|1990
8796093022217|2003
8796093022217|2015
8796093022217|2050
8796093022217|2063
8796093022217|2070
8796093022217|2082
8796093022217|2814
8796093022217|2838
8796093022217|2873
8796093022217|2913
8796093022217|2939
8796093022217|2956
8796093022217|3061
8796093022217|3094
8796093022217|5132
8796093022217|5486
8796093022217|6409
8796093022217|6962
8796093022217|7587
8796093022217|9058
8796093022217|9097
8796093022217|9238
8796093022217|10738
8796093022217|11376
3298534883397|287
3298534883397|458
3298534883397|561
3298534883397|566
3298534883397|583
3298534883397|782
3298534883397|790
3298534883397|808
3298534883397|1022
3298534883397|1189
3298534883397|1205
3298534883397|1399
3298534883397|1532
3298534883397|1683
3298534883397|1764
3298534883397|1766
3298534883397|1953
3298534883397|1987
3298534883397|1993
3298534883397|1999
3298534883397|2003
3298534883397|2778
3298534883397|2793
3298534883397|2795
3298534883397|2807
3298534883397|2836
3298534883397|2851
3298534883397|2857
3298534883397|2886
3298534883397|2900
3298534883397|2902
3298534883397|2911
3298534883397|2918
3298534883397|2932
3298534883397|2933
3298534883397|2939
3298534883397|2940
3298534883397|2950
3298534883397|2997
3298534883397|3004
3298534883397|3099
3298534883397|5445
3298534883397|5676
3298534883397|5711
3298534883397|5989
3298534883397|6704
3298534883397|6993
3298534883397|7508
3298534883397|7509
3298534883397|7572
3298534883397|7598
3298534883397|7638
3298534883397|8893
3298534883397|9486
3298534883397|9781
3298534883397|11366
3298534883397|11537
3298534883397|14846
3298534883397|15137
4398046511186|1644
13194139533324|558
13194139533324|1667
13194139533324|2795
3298534883392|1507
3298534883392|2786
3298534883392|3015
12094627905567|1152
2199023255593|279
2199023255593|1930
2199023255593|1991
2199023255593|2010
2199023255593|2022
2199023255593|2100
2199023255593|6151
2199023255593|8417
6597069766710|6
6597069766710|9
6597069766710|148
6597069766710|575
6597069766710|1173
6597069766710|1174
6597069766710|1176
6597069766710|1180
6597069766710|1187
6597069766710|1760
6597069766710|1940
6597069766710|2012
6597069766710|2028
6597069766710|2073
6597069766710|2082
6597069766710|2098
6597069766710|2926
6597069766710|5085
6597069766710|6365
6597069766710|6945
6597069766710|6987
6597069766710|9098
6597069766710|10449
6597069766710|11254
6597069766710|11258
6597069766710|11408
6597069766710|11628
6597069766710|11742
3298534883405|60
3298534883405|62
3298534883405|196
3298534883405|472
3298534883405|589
3298534883405|595
3298534883405|803
3298534883405|812
3298534883405|1031
3298534883405|1684
3298534883405|1764
3298534883405|1770
3298534883405|1864
3298534883405|1908
3298534883405|1954
3298534883405|2913
3298534883405|2989
3298534883405|3001
3298534883405|3009
3298534883405|3049
3298534883405|3074
3298534883405|3108
3298534883405|6375
3298534883405|6383
3298534883405|6971
3298534883405|7534
3298534883405|9138
3298534883405|11875
3298534883405|12273
3298534883405|12296
3298534883405|13818
3298534883405|14846
7696581394520|6
7696581394520|1988
7696581394520|2045
7696581394520|2073
7696581394520|5191
7696581394520|6413
7696581394520|11622
9895604650036|8
9895604650036|138
9895604650036|139
9895604650036|141
9895604650036|190
9895604650036|779
9895604650036|803
9895604650036|1176
9895604650036|1206
9895604650036|1547
9895604650036|1644
9895604650036|1675
9895604650036|1940
9895604650036|2006
9895604650036|2017
9895604650036|2026
9895604650036|2073
9895604650036|2076
9895604650036|2105
9895604650036|2780
9895604650036|2789
9895604650036|2820
9895604650036|2837
9895604650036|2846
9895604650036|2859
9895604650036|2870
9895604650036|2879
9895604650036|2930
9895604650036|2978
9895604650036|2981
9895604650036|3006
9895604650036|3019
9895604650036|3031
9895604650036|3049
9895604650036|3054
9895604650036|3072
9895604650036|5091
9895604650036|5119
9895604650036|5141
9895604650036|5190
9895604650036|5287
9895604650036|5580
9895604650036|6229
9895604650036|6363
9895604650036|6368
9895604650036|6451
9895604650036|6981
9895604650036|7005
9895604650036|7572
9895604650036|7609
9895604650036|7709
9895604650036|7843
9895604650036|8742
9895604650036|9036
9895604650036|9150
9895604650036|9277
9895604650036|9293
9895604650036|9474
9895604650036|11375
9895604650036|11531
9895604650036|12296
7696581394490|146
7696581394490|196
7696581394490|524
7696581394490|532
7696581394490|2779
7696581394490|2848
7696581394490|2872
7696581394490|5332
7696581394490|6832
7696581394490|7126
7696581394490|7534
7696581394490|8625
7696581394490|9097
7696581394490|11897
7696581394490|15319
1099511627782|6
1099511627782|139
1099511627782|205
1099511627782|575
1099511627782|790
1099511627782|973
1099511627782|974
1099511627782|1180
1099511627782|1206
1099511627782|1548
1099511627782|1984
1099511627782|1995
1099511627782|2023
1099511627782|2078
1099511627782|2837
1099511627782|2885
1099511627782|2934
1099511627782|3093
1099511627782|5191
1099511627782|6413
1099511627782|6418
1099511627782|6945
1099511627782|9174
1099511627782|11582
1099511627782|11633
1099511627782|11742
1099511627782|11745
15393162788888|6
13194139533350|6
13194139533350|139
13194139533350|142
13194139533350|144
13194139533350|145
13194139533350|149
13194139533350|205
13194139533350|206
13194139533350|565
13194139533350|566
13194139533350|570
13194139533350|571
13194139533350|597
13194139533350|775
13194139533350|788
13194139533350|795
13194139533350|1164
13194139533350|1192
13194139533350|1197
13194139533350|1450
13194139533350|1454
13194139533350|1759
13194139533350|1760
13194139533350|1765
13194139533350|1767
13194139533350|1769
13194139533350|1771
13194139533350|1985
13194139533350|1992
13194139533350|1998
13194139533350|2044
13194139533350|2883
13194139533350|6368
13194139533350|7380
13194139533350|7564
13194139533350|9097
13194139533350|9161
13194139533350|9163
13194139533350|11633
13194139533350|11687
10995116277851|6
12094627905550|144
12094627905550|282
12094627905550|544
12094627905550|565
12094627905550|569
12094627905550|576
12094627905550|796
12094627905550|1181
12094627905550|1191
12094627905550|1621
12094627905550|1984
12094627905550|1993
12094627905550|2026
12094627905550|2040
12094627905550|2058
12094627905550|2086
12094627905550|2089
12094627905550|2090
12094627905550|2115
12094627905550|2117
12094627905550|2778
12094627905550|2785
12094627905550|2786
12094627905550|2791
12094627905550|2819
12094627905550|2824
12094627905550|2828
12094627905550|2835
12094627905550|2855
12094627905550|2864
12094627905550|2941
12094627905550|2958
12094627905550|3012
12094627905550|3030
12094627905550|4986
12094627905550|4996
12094627905550|5132
12094627905550|5158
12094627905550|5176
12094627905550|5846
12094627905550|5854
12094627905550|6971
12094627905550|7507
12094627905550|7582
12094627905550|7585
12094627905550|7598
12094627905550|8346
12094627905550|10449
12094627905550|10781
12094627905550|12790
12094627905550|13488
16492674416675|416
5497558138940|34
13194139533405|441
13194139533405|2800
13194139533405|2926
13194139533405|3069
13194139533405|8295
7696581394474|285
7696581394474|544
7696581394474|593
7696581394474|1149
7696581394474|1986
7696581394474|1992
7696581394474|2028
7696581394474|2103
7696581394474|2777
7696581394474|2802
7696581394474|2854
7696581394474|2971
7696581394474|3057
7696581394474|5129
7696581394474|5162
7696581394474|5193
7696581394474|6358
7696581394474|8465
7696581394474|9277
7696581394474|9299
7696581394474|9474
7696581394474|11522
7696581394474|12863
7696581394479|1448
7696581394479|1995
6597069766675|471
6597069766675|596
6597069766675|801
6597069766675|1028
6597069766675|1682
6597069766675|1987
6597069766675|1994
6597069766675|1995
6597069766675|1999
6597069766675|2008
6597069766675|2017
6597069766675|2025
6597069766675|2038
6597069766675|2114
6597069766675|2797
6597069766675|2825
6597069766675|2841
6597069766675|2883
6597069766675|2922
6597069766675|2928
6597069766675|2930
6597069766675|2936
6597069766675|2939
6597069766675|2954
6597069766675|2973
6597069766675|3002
6597069766675|3003
6597069766675|3010
6597069766675|3043
6597069766675|3045
6597069766675|3084
6597069766675|4870
6597069766675|5255
6597069766675|5755
6597069766675|5944
6597069766675|6383
6597069766675|6675
6597069766675|6991
6597069766675|7524
6597069766675|7545
6597069766675|8322
6597069766675|9141
6597069766675|9486
6597069766675|11008
6597069766675|11531
6597069766675|12463
6597069766735|1857
94|6
94|973
94|6413
12094627905635|6
12094627905635|448
12094627905635|1676
12094627905635|1909
12094627905635|2779
12094627905635|6964
12094627905635|11625
17592186044483|141
17592186044483|157
17592186044483|286
17592186044483|418
17592186044483|596
17592186044483|777
17592186044483|973
17592186044483|1179
17592186044483|1674
17592186044483|1759
17592186044483|1952
17592186044483|1984
17592186044483|1988
17592186044483|2015
17592186044483|2023
17592186044483|2086
17592186044483|2783
17592186044483|2815
17592186044483|2883
17592186044483|2901
17592186044483|2918
17592186044483|2990
17592186044483|3008
17592186044483|3022
17592186044483|3025
17592186044483|3114
17592186044483|5189
17592186044483|5357
17592186044483|6368
17592186044483|6405
17592186044483|6461
17592186044483|6940
17592186044483|9477
17592186044483|10222
17592186044483|10459
65|198
65|286
65|568
65|575
65|1032
65|1184
65|1668
65|1930
65|1954
65|1993
65|2038
65|2076
65|2078
65|2777
65|2781
65|2798
65|2806
65|2807
65|2834
65|2904
65|2968
65|2981
65|2987
65|3016
65|3047
65|3049
65|3050
65|3108
65|4844
65|5132
65|5153
65|5911
65|6385
65|6588
65|7031
65|7405
65|7521
65|7835
65|8592
65|8845
65|8973
65|9317
65|9333
65|9474
65|11250
65|11376
14293651161162|141
14293651161162|1178
14293651161162|1199
14293651161162|1749
14293651161162|1985
14293651161162|2002
14293651161162|2017
14293651161162|2031
14293651161162|2036
14293651161162|2068
14293651161162|2071
14293651161162|2110
14293651161162|2120
14293651161162|2799
14293651161162|2869
14293651161162|3047
14293651161162|4848
14293651161162|6982
14293651161162|7380
14293651161162|7536
14293651161162|11265
14293651161162|11376
14293651161168|139
14293651161168|193
14293651161168|566
14293651161168|1178
14293651161168|1179
14293651161168|1670
14293651161168|1749
14293651161168|1987
14293651161168|1991
14293651161168|1996
14293651161168|2018
14293651161168|2032
14293651161168|2052
14293651161168|2076
14293651161168|2778
14293651161168|2782
14293651161168|2833
14293651161168|2841
14293651161168|2853
14293651161168|2855
14293651161168|2860
14293651161168|2862
14293651161168|2865
14293651161168|2931
14293651161168|2941
14293651161168|2953
14293651161168|2960
14293651161168|3020
14293651161168|3085
14293651161168|3097
14293651161168|3101
14293651161168|4959
14293651161168|5187
14293651161168|5190
14293651161168|6368
14293651161168|6413
14293651161168|7017
14293651161168|8251
14293651161168|8535
14293651161168|9174
14293651161168|11201
14293651161168|11622
14293651161168|11628
14293651161168|14777
7696581394434|1611
2199023255628|1930
9895604650002|570
9895604650002|777
9895604650002|978
9895604650002|1415
9895604650002|2781
9895604650002|2783
9895604650002|2793
9895604650002|2803
9895604650002|2817
9895604650002|2905
9895604650002|2925
9895604650002|2936
9895604650002|2943
9895604650002|3089
9895604650002|6938
9895604650002|7014
9895604650002|9058
9895604650002|9500
9895604650002|13815
9895604650002|14721
5497558138908|1527
5497558138908|1615
5497558138908|1952
5497558138908|1987
5497558138908|2059
5497558138908|2789
5497558138908|2851
5497558138908|2852
5497558138908|2948
5497558138908|5117
5497558138908|5652
5497558138908|7614
5497558138908|14494
8796093022253|1616
8796093022253|1749
16492674416738|581
16492674416738|812
16492674416738|1164
16492674416738|1174
16492674416738|1184
16492674416738|1667
16492674416738|1669
16492674416738|1958
16492674416738|1990
16492674416738|2042
16492674416738|2055
16492674416738|2063
16492674416738|2091
16492674416738|2106
16492674416738|2796
16492674416738|2804
16492674416738|2807
16492674416738|2821
16492674416738|2838
16492674416738|2857
16492674416738|2927
16492674416738|2962
16492674416738|2969
16492674416738|2985
16492674416738|2997
16492674416738|3010
16492674416738|3054
16492674416738|3114
16492674416738|6405
16492674416738|6429
16492674416738|6726
16492674416738|6882
16492674416738|6940
16492674416738|6976
16492674416738|6987
16492674416738|7031
16492674416738|7354
16492674416738|8577
16492674416738|8617
16492674416738|10290
16492674416738|10449
16492674416738|11875
16492674416738|11928
16492674416738|14308
16492674416738|14806
8796093022251|283
8796093022251|796
8796093022251|1031
8796093022251|1411
8796093022251|1954
8796093022251|1984
8796093022251|1988
8796093022251|2043
8796093022251|2045
8796093022251|2061
8796093022251|2792
8796093022251|2879
8796093022251|2886
8796093022251|2951
8796093022251|3093
8796093022251|5161
8796093022251|5170
8796093022251|5591
8796093022251|6968
8796093022251|7257
8796093022251|7510
8796093022251|9272
8796093022251|9277
8796093022251|11628
1099511627861|1498
1099511627786|138
1099511627786|139
1099511627786|294
1099511627786|544
1099511627786|561
1099511627786|565
1099511627786|570
1099511627786|576
1099511627786|580
1099511627786|592
1099511627786|775
1099511627786|794
1099511627786|807
1099511627786|1032
1099511627786|1175
1099511627786|1200
1099511627786|1410
1099511627786|1450
1099511627786|1454
1099511627786|1533
1099511627786|1759
1099511627786|1985
1099511627786|2091
1099511627786|2777
1099511627786|2778
1099511627786|2780
1099511627786|2789
1099511627786|2821
1099511627786|2849
1099511627786|2880
1099511627786|2926
1099511627786|2937
1099511627786|3085
1099511627786|5062
1099511627786|5119
1099511627786|5184
1099511627786|6376
1099511627786|6413
1099511627786|6889
1099511627786|6962
1099511627786|8310
1099511627786|9036
1099511627786|9144
1099511627786|9170
1099511627786|9195
1099511627786|9350
1099511627786|10037
1099511627786|10822
6597069766688|193
6597069766688|561
6597069766688|596
6597069766688|1024
6597069766688|1506
6597069766688|1759
6597069766688|1863
6597069766688|1985
6597069766688|1995
6597069766688|2009
6597069766688|2037
6597069766688|2819
6597069766688|2837
6597069766688|2904
6597069766688|2925
6597069766688|2936
6597069766688|5063
6597069766688|5078
6597069766688|5153
6597069766688|6931
6597069766688|7014
6597069766688|7122
6597069766688|7602
6597069766688|8953
6597069766688|9238
6597069766688|9272
6597069766688|12498
15393162788948|138
15393162788948|416
15393162788948|806
15393162788948|1422
15393162788948|1450
15393162788948|1953
15393162788948|1998
15393162788948|2000
15393162788948|2025
15393162788948|2042
15393162788948|2831
15393162788948|2844
15393162788948|2891
15393162788948|2989
15393162788948|3047
15393162788948|5132
15393162788948|5163
15393162788948|6513
15393162788948|7002
15393162788948|7523
15393162788948|9150
15393162788948|9188
15393162788948|9874
15393162788948|9996
15393162788948|12809
15393162788948|13828
15393162788948|13905
16492674416689|6
16492674416689|566
16492674416689|588
16492674416689|594
16492674416689|790
16492674416689|1185
16492674416689|1909
16492674416689|2031
16492674416689|11379
3298534883367|139
3298534883367|149
3298534883367|205
3298534883367|288
3298534883367|291
3298534883367|294
3298534883367|573
3298534883367|589
3298534883367|787
3298534883367|812
3298534883367|1179
3298534883367|1194
3298534883367|1196
3298534883367|1532
3298534883367|1615
3298534883367|1644
3298534883367|1669
3298534883367|1671
3298534883367|1932
3298534883367|1997
3298534883367|2004
3298534883367|2009
3298534883367|2011
3298534883367|2040
3298534883367|2054
3298534883367|2089
3298534883367|2121
3298534883367|2794
3298534883367|2798
3298534883367|2809
3298534883367|2812
3298534883367|2817
3298534883367|2837
3298534883367|2871
3298534883367|2907
3298534883367|2944
3298534883367|2952
3298534883367|3004
3298534883367|3019
3298534883367|3070
3298534883367|3084
3298534883367|3088
3298534883367|3089
3298534883367|3108
3298534883367|5063
3298534883367|5125
3298534883367|5158
3298534883367|5176
3298534883367|5535
3298534883367|5594
3298534883367|5753
3298534883367|6161
3298534883367|6195
3298534883367|6361
3298534883367|6394
3298534883367|6397
3298534883367|6405
3298534883367|6413
3298534883367|6429
3298534883367|6674
3298534883367|6945
3298534883367|7031
3298534883367|7035
3298534883367|7242
3298534883367|7516
3298534883367|7536
3298534883367|7564
3298534883367|8760
3298534883367|9058
3298534883367|9227
3298534883367|10222
3298534883367|11557
3298534883367|13967
3298534883367|14789
9895604650000|1557
9895604649984|410
7696581394461|145
7696581394461|1732
7696581394461|1986
7696581394461|2003
7696581394461|2008
7696581394461|2048
7696581394461|2067
7696581394461|2099
7696581394461|2777
7696581394461|2803
7696581394461|2806
7696581394461|2853
7696581394461|2909
7696581394461|2962
7696581394461|2995
7696581394461|7517
7696581394461|9244
16492674416674|418
16492674416674|973
16492674416674|1403
16492674416674|1985
16492674416674|1994
16492674416674|2011
16492674416674|2777
16492674416674|2844
16492674416674|3047
16492674416674|9261
3298534883365|6
3298534883365|149
3298534883365|291
3298534883365|569
3298534883365|573
3298534883365|575
3298534883365|775
3298534883365|781
3298534883365|782
3298534883365|973
3298534883365|974
3298534883365|978
3298534883365|1022
3298534883365|1177
3298534883365|1179
3298534883365|1180
3298534883365|1188
3298534883365|1191
3298534883365|1454
3298534883365|1667
3298534883365|1940
3298534883365|1984
3298534883365|2012
3298534883365|2031
3298534883365|2068
3298534883365|2785
3298534883365|6945
3298534883365|7015
3298534883365|7033
3298534883365|9036
3298534883365|9058
3298534883365|9177
3298534883365|9486
3298534883365|11247
3298534883365|11375
3298534883365|11408
3298534883365|11695
3298534883365|11742
