Person.id|language
12094627905604|en
12094627905604|ur
2199023255625|zh
2199023255625|en
2199023255600|nl
2199023255600|en
16492674416673|ar
16492674416673|fr
16492674416673|en
2199023255611|zh
2199023255611|en
13194139533352|pt
13194139533352|en
3298534883391|de
3298534883391|en
5497558138966|es
5497558138966|en
14293651161159|fr
14293651161159|en
2199023255633|es
2199023255633|en
13194139533342|sv
13194139533342|fi
13194139533342|en
2199023255565|tr
2199023255565|en
15393162788910|es
15393162788910|en
3298534883383|es
3298534883383|en
12094627905580|ru
12094627905580|en
9895604650009|it
9895604650009|de
9895604650009|en
12094627905563|pl
12094627905563|en
7696581394433|en
7696581394433|fr
10995116277857|zh
10995116277857|en
15393162788920|sk
15393162788920|en
96|zh
96|en
3298534883331|ru
3298534883331|en
10995116277811|ru
10995116277811|kk
10995116277811|en
9895604650074|vi
9895604650074|en
10995116277826|zh
10995116277826|en
3298534883350|ja
3298534883350|en
12094627905543|zh
12094627905543|en
9895604650020|zh
9895604650020|en
2199023255602|zh
2199023255602|en
10995116277764|en
10995116277764|cy
12094627905628|fr
12094627905628|en
6597069766676|ar
6597069766676|wo
6597069766676|en
4398046511193|zh
4398046511193|en
9895604650037|en
6597069766664|tk
6597069766664|en
8796093022286|hu
8796093022286|en
8796093022231|en
5497558138885|my
5497558138885|en
12094627905619|ru
12094627905619|en
10995116277771|zh
10995116277771|en
8796093022217|az
8796093022217|ru
8796093022217|en
3298534883397|ja
3298534883397|en
4398046511186|ru
4398046511186|en
13194139533324|es
13194139533324|en
3298534883392|es
3298534883392|en
12094627905567|de
12094627905567|en
2199023255593|zh
2199023255593|en
6597069766710|zh
6597069766710|en
3298534883405|de
3298534883405|en
7696581394520|zh
7696581394520|en
9895604650036|ja
9895604650036|en
7696581394490|en
7696581394490|ml
1099511627782|zh
1099511627782|en
15393162788888|zh
15393162788888|en
13194139533350|es
13194139533350|en
10995116277851|zh
10995116277851|en
12094627905550|fa
12094627905550|ku
12094627905550|en
16492674416675|ur
16492674416675|en
5497558138940|de
5497558138940|en
13194139533405|es
13194139533405|en
7696581394474|ar
7696581394474|fr
7696581394474|en
7696581394479|ta
7696581394479|si
7696581394479|en
6597069766675|en
6597069766675|to
6597069766735|pt
6597069766735|en
94|zh
94|en
12094627905635|zh
12094627905635|en
17592186044483|en
65|fr
65|mg
65|en
14293651161162|zh
14293651161162|en
14293651161168|ur
14293651161168|en
7696581394434|jv
7696581394434|en
2199023255628|en
9895604650002|en
9895604650002|af
5497558138908|sv
5497558138908|en
8796093022253|fr
8796093022253|ha
8796093022253|en
16492674416738|zh
16492674416738|en
8796093022251|zh
8796093022251|en
1099511627861|zh
1099511627861|en
1099511627786|de
1099511627786|en
6597069766688|es
6597069766688|en
15393162788948|uk
15393162788948|hu
15393162788948|en
16492674416689|zh
16492674416689|en
3298534883367|ru
3298534883367|en
9895604650000|pl
9895604650000|en
9895604649984|zh
9895604649984|en
7696581394461|zh
7696581394461|en
16492674416674|es
16492674416674|en
3298534883365|zh
3298534883365|en
